map_id,md5,map_path,lang_root
01_Die_Pirateninsel,c29c81b6b2985ce255895d622849f5ef,G:\Projects\Cultures_Saga_CN\GAME_5_MAP_USER\GER\Campaign01\01_Die_Pirateninsel\currentusermap,GER/Campaign01/01_Die_Pirateninsel
01_Ein_neuer_Anfang,d27030d5a022170314e64f37bf076f2e,G:\Projects\Cultures_Saga_CN\GAME_5_MAP_USER\GER\Campaign00\01_Ein_neuer_Anfang\currentusermap,GER/Campaign00/01_Ein_neuer_Anfang
02_Die_Lavainsel,c0ca5cddb4075c3925d8121a67adc1ca,G:\Projects\Cultures_Saga_CN\GAME_5_MAP_USER\GER\Campaign01\02_Die_Lavainsel\currentusermap,GER/Campaign01/02_Die_Lavainsel
02_Spanien,e2c43f5aa7e29fc5c375dd316bb404a6,G:\Projects\Cultures_Saga_CN\GAME_5_MAP_USER\GER\Campaign00\02_Spanien\currentusermap,GER/Campaign00/02_Spanien
03_Frankreich,07da828442cfefe50f1757c0f0d3dbdf,G:\Projects\Cultures_Saga_CN\GAME_5_MAP_USER\GER\Campaign00\03_Frankreich\currentusermap,GER/Campaign00/03_Frankreich
03_Verlorene_Welt,ee0e51aaa29c5206c4eef1f0962064be,G:\Projects\Cultures_Saga_CN\GAME_5_MAP_USER\GER\Campaign01\03_Verlorene_Welt\currentusermap,GER/Campaign01/03_Verlorene_Welt
04_Die_Händler,9c6711f75096815df6884bb9dfc65800,G:\Projects\Cultures_Saga_CN\GAME_5_MAP_USER\GER\Campaign01\04_Die_Händler\currentusermap,GER/Campaign01/04_Die_Händler
04_Schweiz,209719236a7c4bd3f0f3e49db88b8690,G:\Projects\Cultures_Saga_CN\GAME_5_MAP_USER\GER\Campaign00\04_Schweiz\currentusermap,GER/Campaign00/04_Schweiz
05_Die_Münzsammler,5544408230699a680b38a2a1cc1262ab,G:\Projects\Cultures_Saga_CN\GAME_5_MAP_USER\GER\Campaign01\05_Die_Münzsammler\currentusermap,GER/Campaign01/05_Die_Münzsammler
05_Paris,b4e0a4a37daa0764006c390bdd95cd11,G:\Projects\Cultures_Saga_CN\GAME_5_MAP_USER\GER\Campaign00\05_Paris\currentusermap,GER/Campaign00/05_Paris
06_Belgien,da41491c8dca8e2000183b7b2b02c1ae,G:\Projects\Cultures_Saga_CN\GAME_5_MAP_USER\GER\Campaign00\06_Belgien\currentusermap,GER/Campaign00/06_Belgien
06_Die_Entscheidung,5563c5e3940d63ed5466029ed907254a,G:\Projects\Cultures_Saga_CN\GAME_5_MAP_USER\GER\Campaign01\06_Die_Entscheidung\currentusermap,GER/Campaign01/06_Die_Entscheidung
07_Germania,dc5bd977f98101729a4d817f9b06c9c5,G:\Projects\Cultures_Saga_CN\GAME_5_MAP_USER\GER\Campaign00\07_Germania\currentusermap,GER/Campaign00/07_Germania
08_Österreich,edf622a18701863ba0da42d330f2d18d,G:\Projects\Cultures_Saga_CN\GAME_5_MAP_USER\GER\Campaign00\08_Österreich\currentusermap,GER/Campaign00/08_Österreich
09_Italien,7bc23829c6176c8ed0d3d3d452f8782c,G:\Projects\Cultures_Saga_CN\GAME_5_MAP_USER\GER\Campaign00\09_Italien\currentusermap,GER/Campaign00/09_Italien
10_Tunesien,414964d192c2c86c96bbb43e5cdb074a,G:\Projects\Cultures_Saga_CN\GAME_5_MAP_USER\GER\Campaign00\10_Tunesien\currentusermap,GER/Campaign00/10_Tunesien
11_Die_Unterwelt,1a0c7392fbbfd8c3ba4171ce0ca0b947,G:\Projects\Cultures_Saga_CN\GAME_5_MAP_USER\GER\Campaign00\11_Die_Unterwelt\currentusermap,GER/Campaign00/11_Die_Unterwelt
12_Die_Prüfung,9e9123c3db0b50a4210d0a48b2973abd,G:\Projects\Cultures_Saga_CN\GAME_5_MAP_USER\GER\Campaign00\12_Die_Prüfung\currentusermap,GER/Campaign00/12_Die_Prüfung
13_Das_Tal_der_Könige,f8e18cca05797bde8f7b9d545fa1c02d,G:\Projects\Cultures_Saga_CN\GAME_5_MAP_USER\GER\Campaign00\13_Das_Tal_der_Könige\currentusermap,GER/Campaign00/13_Das_Tal_der_Könige
14_Die_Eiswelt,8280cbeac67f96f4ea180a0bb5a6d1ea,G:\Projects\Cultures_Saga_CN\GAME_5_MAP_USER\GER\Campaign00\14_Die_Eiswelt\currentusermap,GER/Campaign00/14_Die_Eiswelt
15_Australien,137d2e1d6bb8f8813e248fb8cebc2c85,G:\Projects\Cultures_Saga_CN\GAME_5_MAP_USER\GER\Campaign00\15_Australien\currentusermap,GER/Campaign00/15_Australien
16_Wigrid_Wall,b6b72963afad371fb3e8028c54af89f0,G:\Projects\Cultures_Saga_CN\GAME_5_MAP_USER\GER\Campaign00\16_Wigrid_Wall\currentusermap,GER/Campaign00/16_Wigrid_Wall
17_Nordwestafrika,ea0a9b94da1bb27f651a2c82eb3749ae,G:\Projects\Cultures_Saga_CN\GAME_5_MAP_USER\GER\Campaign00\17_Nordwestafrika\currentusermap,GER/Campaign00/17_Nordwestafrika
18_Tschad,14e7610cb73445742f034a956ea12203,G:\Projects\Cultures_Saga_CN\GAME_5_MAP_USER\GER\Campaign00\18_Tschad\currentusermap,GER/Campaign00/18_Tschad
19_Kongo,800dcd9ef9347100d01ef9e97430b5c9,G:\Projects\Cultures_Saga_CN\GAME_5_MAP_USER\GER\Campaign00\19_Kongo\currentusermap,GER/Campaign00/19_Kongo
20_Die_Höhle,4febe8a0034366ed6fb3513d8508a279,G:\Projects\Cultures_Saga_CN\GAME_5_MAP_USER\GER\Campaign00\20_Die_Höhle\currentusermap,GER/Campaign00/20_Die_Höhle
21_Südafrika,db8e5e3e317a8364a14f4b6046c00eaf,G:\Projects\Cultures_Saga_CN\GAME_5_MAP_USER\GER\Campaign00\21_Südafrika\currentusermap,GER/Campaign00/21_Südafrika
22_Daheim,a2307676cdc5088476a4160659b22766,G:\Projects\Cultures_Saga_CN\GAME_5_MAP_USER\GER\Campaign00\22_Daheim\currentusermap,GER/Campaign00/22_Daheim
_campaign_04_01,c8b693c3b2f12576699e3d8d3da59564,G:\Projects\Cultures_Saga_CN\GAME_5_MAP\GER\_campaign_04_01,
_campaign_04_01_sub1,a86308534b3f9b4410ed97d26c2e7867,G:\Projects\Cultures_Saga_CN\GAME_5_MAP\GER\_campaign_04_01_sub1,
_campaign_04_01_sub2,e3129947521d9d8443eb864278da33ae,G:\Projects\Cultures_Saga_CN\GAME_5_MAP\GER\_campaign_04_01_sub2,
_campaign_04_01_sub3,ecb03d59e80a134896f72db2765cd9fc,G:\Projects\Cultures_Saga_CN\GAME_5_MAP\GER\_campaign_04_01_sub3,
_campaign_04_02,51ec3cee8daf5381ab059f54fb40378d,G:\Projects\Cultures_Saga_CN\GAME_5_MAP\GER\_campaign_04_02,
_campaign_04_02_sub1,21edc8f99847f164230482d8ab754209,G:\Projects\Cultures_Saga_CN\GAME_5_MAP\GER\_campaign_04_02_sub1,
_campaign_04_02_sub2,7d20ffc24444a7ac2a9ae50f8cba4f57,G:\Projects\Cultures_Saga_CN\GAME_5_MAP\GER\_campaign_04_02_sub2,
_campaign_04_03,1d304b045a4d06d0f4691cabcf0fa034,G:\Projects\Cultures_Saga_CN\GAME_5_MAP\GER\_campaign_04_03,
_campaign_04_03_sub1,b48824c258b96442469c5f5bb93f4998,G:\Projects\Cultures_Saga_CN\GAME_5_MAP\GER\_campaign_04_03_sub1,
_campaign_04_04,86d876ddf06bb9e6fd71bdeeb0feed18,G:\Projects\Cultures_Saga_CN\GAME_5_MAP\GER\_campaign_04_04,
_campaign_04_04_sub1,1edc6b382d8e93723313907e31b70aea,G:\Projects\Cultures_Saga_CN\GAME_5_MAP\GER\_campaign_04_04_sub1,
_campaign_04_04_sub2,9b37f516dab27e9c1ca3993ae754260d,G:\Projects\Cultures_Saga_CN\GAME_5_MAP\GER\_campaign_04_04_sub2,
_campaign_04_05,3581f6416a79754c7a8ae4ce61966e81,G:\Projects\Cultures_Saga_CN\GAME_5_MAP\GER\_campaign_04_05,
_campaign_04_05_sub1,cb941502a67432913f1c928ab467a52f,G:\Projects\Cultures_Saga_CN\GAME_5_MAP\GER\_campaign_04_05_sub1,
campaign_01_01,8cef8a0d63dbc7538bbd0434e1461356,G:\Projects\Cultures_Saga_CN\GAME_2_MAP\GER\campaign_01_01,
campaign_01_02,d76cd4311a064aede7334e19472a21bd,G:\Projects\Cultures_Saga_CN\GAME_2_MAP\GER\campaign_01_02,
campaign_01_02-sub,62fc2066daeff42ef29ae235e837509d,G:\Projects\Cultures_Saga_CN\GAME_2_MAP\GER\campaign_01_02-sub,
campaign_01_03,1eda0549139dd9ca8bc3a5d5aaa978bf,G:\Projects\Cultures_Saga_CN\GAME_2_MAP\GER\campaign_01_03,
campaign_01_04,4db33a55f3f0bf10d27fcbcbbf09e17f,G:\Projects\Cultures_Saga_CN\GAME_2_MAP\GER\campaign_01_04,
campaign_01_04-sub,0a8fa1bf67556fd55b1c8916f3d3d984,G:\Projects\Cultures_Saga_CN\GAME_2_MAP\GER\campaign_01_04-sub,
campaign_01_05,66c42840f42b76f91999ab91c9e87492,G:\Projects\Cultures_Saga_CN\GAME_2_MAP\GER\campaign_01_05,
campaign_01_05-sub,ec43d034e7f22a49d1d3a3e7c25b4f76,G:\Projects\Cultures_Saga_CN\GAME_2_MAP\GER\campaign_01_05-sub,
campaign_01_06,ee6c44a9020ef74e9e9bdd70d41c3223,G:\Projects\Cultures_Saga_CN\GAME_2_MAP\GER\campaign_01_06,
campaign_01_07,2604d1e4e82cd0b421f67a37044bc332,G:\Projects\Cultures_Saga_CN\GAME_2_MAP\GER\campaign_01_07,
campaign_01_08,76efd6b66ba170c6571b7a6792b1464c,G:\Projects\Cultures_Saga_CN\GAME_2_MAP\GER\campaign_01_08,
campaign_01_10,194858897ca2b4b7d2c007ce0d57c808,G:\Projects\Cultures_Saga_CN\GAME_2_MAP\GER\campaign_01_10,
campaign_01_10-sub,702e8a8839925abd46491650dfef9bd6,G:\Projects\Cultures_Saga_CN\GAME_2_MAP\GER\campaign_01_10-sub,
campaign_01_11,ad4cab0b48ee5e4bd7bb6f9b4064b455,G:\Projects\Cultures_Saga_CN\GAME_2_MAP\GER\campaign_01_11,
campaign_02_01,82111538a9c9b6b9a973e7acd8c6eda2,G:\Projects\Cultures_Saga_CN\GAME_3_MAP\GER\campaign_02_01,
campaign_02_01,82111538a9c9b6b9a973e7acd8c6eda2,G:\Projects\Cultures_Saga_CN\GAME_5_MAP\GER\campaign_02_01,
campaign_02_02,1f6e266dd038230a506b267444eab4ca,G:\Projects\Cultures_Saga_CN\GAME_3_MAP\GER\campaign_02_02,
campaign_02_02,1f6e266dd038230a506b267444eab4ca,G:\Projects\Cultures_Saga_CN\GAME_5_MAP\GER\campaign_02_02,
campaign_02_02-sub,966ee8d112e9f12e60f1e0b90f4c3bef,G:\Projects\Cultures_Saga_CN\GAME_3_MAP\GER\campaign_02_02-sub,
campaign_02_02-sub,966ee8d112e9f12e60f1e0b90f4c3bef,G:\Projects\Cultures_Saga_CN\GAME_5_MAP\GER\campaign_02_02-sub,
campaign_02_03,ae51e888e8005c8ccdbb1a161cf0613d,G:\Projects\Cultures_Saga_CN\GAME_3_MAP\GER\campaign_02_03,
campaign_02_03,ae51e888e8005c8ccdbb1a161cf0613d,G:\Projects\Cultures_Saga_CN\GAME_5_MAP\GER\campaign_02_03,
campaign_02_04,2c8b98818c0d96ed91cc1a9a7943fa95,G:\Projects\Cultures_Saga_CN\GAME_3_MAP\GER\campaign_02_04,
campaign_02_04,2c8b98818c0d96ed91cc1a9a7943fa95,G:\Projects\Cultures_Saga_CN\GAME_5_MAP\GER\campaign_02_04,
campaign_02_04-sub1,0fad1ca57aef71702f0a856de93d1ba6,G:\Projects\Cultures_Saga_CN\GAME_3_MAP\GER\campaign_02_04-sub1,
campaign_02_04-sub1,0fad1ca57aef71702f0a856de93d1ba6,G:\Projects\Cultures_Saga_CN\GAME_5_MAP\GER\campaign_02_04-sub1,
campaign_02_04-sub2,60eea4f16983c31a073bd7c10968f4d0,G:\Projects\Cultures_Saga_CN\GAME_3_MAP\GER\campaign_02_04-sub2,
campaign_02_04-sub2,60eea4f16983c31a073bd7c10968f4d0,G:\Projects\Cultures_Saga_CN\GAME_5_MAP\GER\campaign_02_04-sub2,
campaign_02_05,0e5429ffeb417cbaaad5c7d56cec6385,G:\Projects\Cultures_Saga_CN\GAME_3_MAP\GER\campaign_02_05,
campaign_02_05,0e5429ffeb417cbaaad5c7d56cec6385,G:\Projects\Cultures_Saga_CN\GAME_5_MAP\GER\campaign_02_05,
campaign_02_06,71af9ed1e22d706580a45984a238b471,G:\Projects\Cultures_Saga_CN\GAME_3_MAP\GER\campaign_02_06,
campaign_02_06,71af9ed1e22d706580a45984a238b471,G:\Projects\Cultures_Saga_CN\GAME_5_MAP\GER\campaign_02_06,
campaign_02_07,750bd9eed067e6b1683cbffa81c62127,G:\Projects\Cultures_Saga_CN\GAME_3_MAP\GER\campaign_02_07,
campaign_02_07,750bd9eed067e6b1683cbffa81c62127,G:\Projects\Cultures_Saga_CN\GAME_5_MAP\GER\campaign_02_07,
campaign_02_07-sub,1a6826e6c1bb9e164e692700c988ef4d,G:\Projects\Cultures_Saga_CN\GAME_3_MAP\GER\campaign_02_07-sub,
campaign_02_07-sub,1a6826e6c1bb9e164e692700c988ef4d,G:\Projects\Cultures_Saga_CN\GAME_5_MAP\GER\campaign_02_07-sub,
campaign_02_08,d1e1b67b380852c22bc9bad521233141,G:\Projects\Cultures_Saga_CN\GAME_3_MAP\GER\campaign_02_08,
campaign_02_08,d1e1b67b380852c22bc9bad521233141,G:\Projects\Cultures_Saga_CN\GAME_5_MAP\GER\campaign_02_08,
campaign_03_01,7f8073aa484fa839e25a181ee00d1116,G:\Projects\Cultures_Saga_CN\GAME_5_MAP\GER\campaign_03_01,
campaign_03_01_sub,be676653b10a952d7efab87f3b04ab0e,G:\Projects\Cultures_Saga_CN\GAME_5_MAP\GER\campaign_03_01_sub,
campaign_03_02,269c46371af775ddac9d73257340c11c,G:\Projects\Cultures_Saga_CN\GAME_5_MAP\GER\campaign_03_02,
campaign_03_02_sub,d6a593d6bc3b42b0bdc569f0c2f01c8b,G:\Projects\Cultures_Saga_CN\GAME_5_MAP\GER\campaign_03_02_sub,
campaign_03_03,3bfb8ad9801ed0d16d48b57b30b979fb,G:\Projects\Cultures_Saga_CN\GAME_5_MAP\GER\campaign_03_03,
campaign_03_03_sub1,5f535834e575d513d7c6208c032e1997,G:\Projects\Cultures_Saga_CN\GAME_5_MAP\GER\campaign_03_03_sub1,
campaign_03_03_sub2,38cd8145cd30b1375dc752a8c0463bdd,G:\Projects\Cultures_Saga_CN\GAME_5_MAP\GER\campaign_03_03_sub2,
campaign_03_03_sub3,de806c0d97818eeb236fee07c1fc82fd,G:\Projects\Cultures_Saga_CN\GAME_5_MAP\GER\campaign_03_03_sub3,
campaign_03_04,f1dc34e0af7198cec13d9fb112d95816,G:\Projects\Cultures_Saga_CN\GAME_5_MAP\GER\campaign_03_04,
campaign_03_05,4c6a0c7c6ddac526aef2b2e78ebcae91,G:\Projects\Cultures_Saga_CN\GAME_5_MAP\GER\campaign_03_05,
campaign_03_05_sub1,5c5874846024ad0ecd425989ae1144c2,G:\Projects\Cultures_Saga_CN\GAME_5_MAP\GER\campaign_03_05_sub1,
campaign_03_05_sub2,d8eccc5e597038145370bc65976739a0,G:\Projects\Cultures_Saga_CN\GAME_5_MAP\GER\campaign_03_05_sub2,
campaign_03_06,e1c69e18547740c7a719a5d17f3d3c19,G:\Projects\Cultures_Saga_CN\GAME_5_MAP\GER\campaign_03_06,
campaign_03_06_sub1,d1d25ff9aa0c3c47f764ceff13c5d413,G:\Projects\Cultures_Saga_CN\GAME_5_MAP\GER\campaign_03_06_sub1,
campaign_03_06_sub2,7a473108b75610b3e3fda0f335b1b97a,G:\Projects\Cultures_Saga_CN\GAME_5_MAP\GER\campaign_03_06_sub2,
campaign_03_07,96614770692b345a9fb3b86a92447098,G:\Projects\Cultures_Saga_CN\GAME_5_MAP\GER\campaign_03_07,
campaign_03_08,4deaf314f5f2ada7328cc3d95b1a4799,G:\Projects\Cultures_Saga_CN\GAME_5_MAP\GER\campaign_03_08,
demo_mainmenu_00,efdaf0dda720b274c2588a6f0b0aec5b,G:\Projects\Cultures_Saga_CN\GAME_2_MAP\GER\demo_mainmenu_00,
demo_mainmenu_01,715283e5b698aca49b1ecc4850c28fed,G:\Projects\Cultures_Saga_CN\GAME_2_MAP\GER\demo_mainmenu_01,
demo_mainmenu_02,3c99d60689a1e5232558ae92de94a294,G:\Projects\Cultures_Saga_CN\GAME_2_MAP\GER\demo_mainmenu_02,
demo_mainmenu_03,4fd2a5bc137cd745b411680aa5f17c54,G:\Projects\Cultures_Saga_CN\GAME_2_MAP\GER\demo_mainmenu_03,
demo_mainmenu_10,8402aacf0a3c5958beb43b43e76cdf8a,G:\Projects\Cultures_Saga_CN\GAME_3_MAP\GER\demo_mainmenu_10,
demo_mainmenu_10,ba8cccb0718619ea72284d5df0c61893,G:\Projects\Cultures_Saga_CN\GAME_5_MAP\GER\demo_mainmenu_10,
demo_singleplayer_02,517af1d0aa4441712a62d6c858838111,G:\Projects\Cultures_Saga_CN\GAME_3_MAP\GER\demo_singleplayer_02,
demo_singleplayer_02,517af1d0aa4441712a62d6c858838111,G:\Projects\Cultures_Saga_CN\GAME_5_MAP\GER\demo_singleplayer_02,
multiplayer_001_militär,66fb0281babe65d69ae4894a87d35f04,G:\Projects\Cultures_Saga_CN\GAME_2_MAP\GER\multiplayer_001_militär,
multiplayer_001_ressourcen,ffa74b0bc259688a4ce1fe73faee2b8e,G:\Projects\Cultures_Saga_CN\GAME_2_MAP\GER\multiplayer_001_ressourcen,
multiplayer_002_militär,a2ecd42c37b9da83c51fc7bca87cdf56,G:\Projects\Cultures_Saga_CN\GAME_2_MAP\GER\multiplayer_002_militär,
multiplayer_002_ressourcen,a2ecd42c37b9da83c51fc7bca87cdf56,G:\Projects\Cultures_Saga_CN\GAME_2_MAP\GER\multiplayer_002_ressourcen,
multiplayer_003_militär,f1b1d749172d903ef9858fedaaf5a6eb,G:\Projects\Cultures_Saga_CN\GAME_2_MAP\GER\multiplayer_003_militär,
multiplayer_003_ressourcen,f1b1d749172d903ef9858fedaaf5a6eb,G:\Projects\Cultures_Saga_CN\GAME_2_MAP\GER\multiplayer_003_ressourcen,
multiplayer_004_militär,497c8e1568a555a87e2b4a3b24c8cf39,G:\Projects\Cultures_Saga_CN\GAME_2_MAP\GER\multiplayer_004_militär,
multiplayer_004_ressourcen,99908e17dc42dd7e92abdb50e6ddbe59,G:\Projects\Cultures_Saga_CN\GAME_2_MAP\GER\multiplayer_004_ressourcen,
multiplayer_004_special_cap-the-cow,52c873a30a796a63d077afa7cae8a03d,G:\Projects\Cultures_Saga_CN\GAME_2_MAP\GER\multiplayer_004_special_cap-the-cow,
multiplayer_005_militär,402a298f4fe137940016f9c3f6ca9c8f,G:\Projects\Cultures_Saga_CN\GAME_2_MAP\GER\multiplayer_005_militär,
multiplayer_005_ressourcen,402a298f4fe137940016f9c3f6ca9c8f,G:\Projects\Cultures_Saga_CN\GAME_2_MAP\GER\multiplayer_005_ressourcen,
multiplayer_005_special_cap-the-flag,402a298f4fe137940016f9c3f6ca9c8f,G:\Projects\Cultures_Saga_CN\GAME_2_MAP\GER\multiplayer_005_special_cap-the-flag,
multiplayer_007_millitär,160892dba101e83c4db158c61d342541,G:\Projects\Cultures_Saga_CN\GAME_2_MAP\GER\multiplayer_007_millitär,
multiplayer_007_ressourcen,160892dba101e83c4db158c61d342541,G:\Projects\Cultures_Saga_CN\GAME_2_MAP\GER\multiplayer_007_ressourcen,
multiplayer_007_special_coop,160892dba101e83c4db158c61d342541,G:\Projects\Cultures_Saga_CN\GAME_2_MAP\GER\multiplayer_007_special_coop,
multiplayer_008_militär,f80bed7c30a4a47437652318d0935443,G:\Projects\Cultures_Saga_CN\GAME_2_MAP\GER\multiplayer_008_militär,
multiplayer_008_ressourcen,f80bed7c30a4a47437652318d0935443,G:\Projects\Cultures_Saga_CN\GAME_2_MAP\GER\multiplayer_008_ressourcen,
multiplayer_009_militär,98710070649eb011aa072e151eefe134,G:\Projects\Cultures_Saga_CN\GAME_2_MAP\GER\multiplayer_009_militär,
multiplayer_02_06_ressourcen,508e9c9e2eec66bc78fa6de21658736f,G:\Projects\Cultures_Saga_CN\GAME_5_MAP\GER\multiplayer_02_06_ressourcen,
multiplayer_101_special_coop,c0dbd5361d546a11c8da8e6e284f4907,G:\Projects\Cultures_Saga_CN\GAME_3_MAP\GER\multiplayer_101_special_coop,
multiplayer_101_special_coop,c0dbd5361d546a11c8da8e6e284f4907,G:\Projects\Cultures_Saga_CN\GAME_5_MAP\GER\multiplayer_101_special_coop,
multiplayer_102_special_coop,acd71432d38f8ef5c635d86fff5fdc53,G:\Projects\Cultures_Saga_CN\GAME_3_MAP\GER\multiplayer_102_special_coop,
multiplayer_102_special_coop,acd71432d38f8ef5c635d86fff5fdc53,G:\Projects\Cultures_Saga_CN\GAME_5_MAP\GER\multiplayer_102_special_coop,
multiplayer_103_special_militär,26b89b118a4112d7b966baac87de797a,G:\Projects\Cultures_Saga_CN\GAME_3_MAP\GER\multiplayer_103_special_militär,
multiplayer_103_special_militär,26b89b118a4112d7b966baac87de797a,G:\Projects\Cultures_Saga_CN\GAME_5_MAP\GER\multiplayer_103_special_militär,
multiplayer_104_militär,36b6cf47b16e83d355030a0d3bf83586,G:\Projects\Cultures_Saga_CN\GAME_3_MAP\GER\multiplayer_104_militär,
multiplayer_104_militär,36b6cf47b16e83d355030a0d3bf83586,G:\Projects\Cultures_Saga_CN\GAME_5_MAP\GER\multiplayer_104_militär,
multiplayer_105_militaer,67af0499c10e657c3b05ffd725fa7ddd,G:\Projects\Cultures_Saga_CN\GAME_3_MAP\GER\multiplayer_105_militaer,
multiplayer_105_militaer,67af0499c10e657c3b05ffd725fa7ddd,G:\Projects\Cultures_Saga_CN\GAME_5_MAP\GER\multiplayer_105_militaer,
multiplayer_105_ressourcen,bc7fa435c5fb1bd23ed34606b742b541,G:\Projects\Cultures_Saga_CN\GAME_3_MAP\GER\multiplayer_105_ressourcen,
multiplayer_105_ressourcen,bc7fa435c5fb1bd23ed34606b742b541,G:\Projects\Cultures_Saga_CN\GAME_5_MAP\GER\multiplayer_105_ressourcen,
multiplayer_201_special_coop,8d445a79a991e9c006b176aabac2a4e3,G:\Projects\Cultures_Saga_CN\GAME_5_MAP\GER\multiplayer_201_special_coop,
multiplayer_202_special_millitär,7bdf3beb82473a6516b05ea3a883c845,G:\Projects\Cultures_Saga_CN\GAME_5_MAP\GER\multiplayer_202_special_millitär,
multiplayer_203_special_militär,58dfbb3c60adf7087cb8cbd3445a26a9,G:\Projects\Cultures_Saga_CN\GAME_5_MAP\GER\multiplayer_203_special_militär,
multiplayer_204_special_cap-the-flag,b1845f20cf31218181e26e80a2ada7c1,G:\Projects\Cultures_Saga_CN\GAME_5_MAP\GER\multiplayer_204_special_cap-the-flag,
multiplayer_205_special_cap-the-cow,8cb375839c1e6af98aacaac6f97c18de,G:\Projects\Cultures_Saga_CN\GAME_5_MAP\GER\multiplayer_205_special_cap-the-cow,
singleplayer_01_01,c421573b900473915baeae7f6bb88e2d,G:\Projects\Cultures_Saga_CN\GAME_2_MAP\GER\singleplayer_01_01,
singleplayer_01_04,a80776f2a0f7ae5ffa5dcbc854bd50e5,G:\Projects\Cultures_Saga_CN\GAME_2_MAP\GER\singleplayer_01_04,
singleplayer_01_05,8948d5d215e8a294d8f704aed5580011,G:\Projects\Cultures_Saga_CN\GAME_2_MAP\GER\singleplayer_01_05,
singleplayer_01_06,a420a7c8350c99fc37875168001016d8,G:\Projects\Cultures_Saga_CN\GAME_2_MAP\GER\singleplayer_01_06,
singleplayer_01_07,39be5e73932c485e0de39bf28f75105f,G:\Projects\Cultures_Saga_CN\GAME_2_MAP\GER\singleplayer_01_07,
singleplayer_01_08,a96c028ac48ae0a647f312add75a8ac8,G:\Projects\Cultures_Saga_CN\GAME_2_MAP\GER\singleplayer_01_08,
singleplayer_01_09,99a236446479fee56224647b6ec8763d,G:\Projects\Cultures_Saga_CN\GAME_2_MAP\GER\singleplayer_01_09,
singleplayer_01_10,9db21d16481cbf0f73f28527ecf786c8,G:\Projects\Cultures_Saga_CN\GAME_2_MAP\GER\singleplayer_01_10,
singleplayer_02_01,560961774be4884f389ff29e8424e3d9,G:\Projects\Cultures_Saga_CN\GAME_3_MAP\GER\singleplayer_02_01,
singleplayer_02_01,560961774be4884f389ff29e8424e3d9,G:\Projects\Cultures_Saga_CN\GAME_5_MAP\GER\singleplayer_02_01,
singleplayer_02_01-sub1,090bf4978a9128d463604e45e17983d3,G:\Projects\Cultures_Saga_CN\GAME_3_MAP\GER\singleplayer_02_01-sub1,
singleplayer_02_01-sub1,090bf4978a9128d463604e45e17983d3,G:\Projects\Cultures_Saga_CN\GAME_5_MAP\GER\singleplayer_02_01-sub1,
singleplayer_02_01-sub2,38064a5845eb5abbc7fe6ce23631b952,G:\Projects\Cultures_Saga_CN\GAME_3_MAP\GER\singleplayer_02_01-sub2,
singleplayer_02_01-sub2,38064a5845eb5abbc7fe6ce23631b952,G:\Projects\Cultures_Saga_CN\GAME_5_MAP\GER\singleplayer_02_01-sub2,
singleplayer_02_01-sub3,d1699f8d03290f36d88a88341b77a202,G:\Projects\Cultures_Saga_CN\GAME_3_MAP\GER\singleplayer_02_01-sub3,
singleplayer_02_01-sub3,d1699f8d03290f36d88a88341b77a202,G:\Projects\Cultures_Saga_CN\GAME_5_MAP\GER\singleplayer_02_01-sub3,
singleplayer_02_01-sub4,4a56628b0b6352e7d28e0f36bc952e0a,G:\Projects\Cultures_Saga_CN\GAME_3_MAP\GER\singleplayer_02_01-sub4,
singleplayer_02_01-sub4,4a56628b0b6352e7d28e0f36bc952e0a,G:\Projects\Cultures_Saga_CN\GAME_5_MAP\GER\singleplayer_02_01-sub4,
singleplayer_02_01-sub5,68e2f6323302ef15cbdaa5597adc75f5,G:\Projects\Cultures_Saga_CN\GAME_3_MAP\GER\singleplayer_02_01-sub5,
singleplayer_02_01-sub5,68e2f6323302ef15cbdaa5597adc75f5,G:\Projects\Cultures_Saga_CN\GAME_5_MAP\GER\singleplayer_02_01-sub5,
singleplayer_02_02,8e47c7614e2baa0611ef595773003517,G:\Projects\Cultures_Saga_CN\GAME_3_MAP\GER\singleplayer_02_02,
singleplayer_02_02,8e47c7614e2baa0611ef595773003517,G:\Projects\Cultures_Saga_CN\GAME_5_MAP\GER\singleplayer_02_02,
singleplayer_02_03,28c47d02e2d5abb484684a497ddaa0df,G:\Projects\Cultures_Saga_CN\GAME_3_MAP\GER\singleplayer_02_03,
singleplayer_02_03,28c47d02e2d5abb484684a497ddaa0df,G:\Projects\Cultures_Saga_CN\GAME_5_MAP\GER\singleplayer_02_03,
singleplayer_02_03-sub1,50d5d31a8b5e9223b162c41031f4e7eb,G:\Projects\Cultures_Saga_CN\GAME_3_MAP\GER\singleplayer_02_03-sub1,
singleplayer_02_03-sub1,50d5d31a8b5e9223b162c41031f4e7eb,G:\Projects\Cultures_Saga_CN\GAME_5_MAP\GER\singleplayer_02_03-sub1,
singleplayer_02_03-sub2,08b57b0a063fe983df89e044b51f6e7e,G:\Projects\Cultures_Saga_CN\GAME_3_MAP\GER\singleplayer_02_03-sub2,
singleplayer_02_03-sub2,08b57b0a063fe983df89e044b51f6e7e,G:\Projects\Cultures_Saga_CN\GAME_5_MAP\GER\singleplayer_02_03-sub2,
singleplayer_02_03-sub3,5ff60f78c3bca5eac66184bb801a7a58,G:\Projects\Cultures_Saga_CN\GAME_3_MAP\GER\singleplayer_02_03-sub3,
singleplayer_02_03-sub3,5ff60f78c3bca5eac66184bb801a7a58,G:\Projects\Cultures_Saga_CN\GAME_5_MAP\GER\singleplayer_02_03-sub3,
singleplayer_02_04,b5ee90b8b2b6c02e59ddca2499f8fc64,G:\Projects\Cultures_Saga_CN\GAME_3_MAP\GER\singleplayer_02_04,
singleplayer_02_04,b5ee90b8b2b6c02e59ddca2499f8fc64,G:\Projects\Cultures_Saga_CN\GAME_5_MAP\GER\singleplayer_02_04,
singleplayer_02_05,b650c1ee142d0a9bf6ec940b360426e6,G:\Projects\Cultures_Saga_CN\GAME_3_MAP\GER\singleplayer_02_05,
singleplayer_02_05,b650c1ee142d0a9bf6ec940b360426e6,G:\Projects\Cultures_Saga_CN\GAME_5_MAP\GER\singleplayer_02_05,
singleplayer_02_06,e9975330c4168b42610439baab20db5b,G:\Projects\Cultures_Saga_CN\GAME_3_MAP\GER\singleplayer_02_06,
singleplayer_02_06,e9975330c4168b42610439baab20db5b,G:\Projects\Cultures_Saga_CN\GAME_5_MAP\GER\singleplayer_02_06,
singleplayer_02_07,423cb8eb3f176e1cc36b14361ee54b26,G:\Projects\Cultures_Saga_CN\GAME_3_MAP\GER\singleplayer_02_07,
singleplayer_02_07,423cb8eb3f176e1cc36b14361ee54b26,G:\Projects\Cultures_Saga_CN\GAME_5_MAP\GER\singleplayer_02_07,
singleplayer_03_01,a28160486117a180334348dc14470552,G:\Projects\Cultures_Saga_CN\GAME_5_MAP\GER\singleplayer_03_01,
singleplayer_03_01-sub1,60e068a4b1b7564d03de4618e0552cc6,G:\Projects\Cultures_Saga_CN\GAME_5_MAP\GER\singleplayer_03_01-sub1,
singleplayer_03_02,8bc5867180e2f96233aa6559c19e50fe,G:\Projects\Cultures_Saga_CN\GAME_5_MAP\GER\singleplayer_03_02,
singleplayer_03_03,06d264971a2b5acf3f57cf51e72a7d5d,G:\Projects\Cultures_Saga_CN\GAME_5_MAP\GER\singleplayer_03_03,
singleplayer_03_04,656113510d6a16eee9fed6e3264ea168,G:\Projects\Cultures_Saga_CN\GAME_5_MAP\GER\singleplayer_03_04,
singleplayer_03_05,934084236b91fc8967531876506afb22,G:\Projects\Cultures_Saga_CN\GAME_5_MAP\GER\singleplayer_03_05,
tutorial_001,c75f92f224f0c5dc66a5481af34e7669,G:\Projects\Cultures_Saga_CN\GAME_3_MAP\GER\tutorial_001,
tutorial_001,28db945fe15cae24a5c42cb966f80780,G:\Projects\Cultures_Saga_CN\GAME_5_MAP\GER\tutorial_001,
tutorial_002,48c10184690d0aee18e321d2041acead,G:\Projects\Cultures_Saga_CN\GAME_3_MAP\GER\tutorial_002,
tutorial_002,84b25995bd690505516f1b04562ce5e5,G:\Projects\Cultures_Saga_CN\GAME_5_MAP\GER\tutorial_002,
tutorial_003,03faf96e1ab6c8c8d708da86b1be082f,G:\Projects\Cultures_Saga_CN\GAME_3_MAP\GER\tutorial_003,
tutorial_003,a1d2c56cbffb971fba4a6b1b4059559d,G:\Projects\Cultures_Saga_CN\GAME_5_MAP\GER\tutorial_003,
tutorial_004,ec934bfb5d2b2e61910eaff9d91bbe75,G:\Projects\Cultures_Saga_CN\GAME_3_MAP\GER\tutorial_004,
tutorial_004,1399ae64a2614181ae1c3515b004f9f4,G:\Projects\Cultures_Saga_CN\GAME_5_MAP\GER\tutorial_004,
tutorial_005,b41088f968fbafc578d93bb2ca6f119d,G:\Projects\Cultures_Saga_CN\GAME_3_MAP\GER\tutorial_005,
tutorial_005,b41088f968fbafc578d93bb2ca6f119d,G:\Projects\Cultures_Saga_CN\GAME_5_MAP\GER\tutorial_005,
tutorial_006,95a63fd338fa63a245c6dd97c7a1bc06,G:\Projects\Cultures_Saga_CN\GAME_3_MAP\GER\tutorial_006,
tutorial_006,95a63fd338fa63a245c6dd97c7a1bc06,G:\Projects\Cultures_Saga_CN\GAME_5_MAP\GER\tutorial_006,
tutorial_007,e17b2aa49c88594b1c8f2e1942f198a5,G:\Projects\Cultures_Saga_CN\GAME_3_MAP\GER\tutorial_007,
tutorial_007,3b3960bc810b3db47d36a928a49a51c3,G:\Projects\Cultures_Saga_CN\GAME_5_MAP\GER\tutorial_007,
weinachten_2002,4b725b58c890e01bdbf563326a026228,G:\Projects\Cultures_Saga_CN\GAME_3_MAP\GER\weinachten_2002,
