ger,eng,fra,ita,cze,rus,pol,spa,por,hun,l10(简体中文),l11(繁体中文),l12(日语),l13(韩语),l14(印地语),l15(阿拉伯语),l16(孟加拉语),l17(印度尼西亚语),l18(土耳其语),l19(斯瓦希里语),META_TYPE,META_DESCRIPTION,META_REFERENCES
Halldor,Halldor,,,,,,,,,霍尔多尔,,,,,,,,,,人名,教程角色,tutorial_002
Gunnhild,Gunnhild,,,,,,,,,贡希尔德,,,,,,,,,,人名,教程角色,tutorial_002
Grimmhild,Grimmhild,,,,,,,,,格里姆希尔德,,,,,,,,,,人名,教程角色,tutorial_002
Kalf,Kalf,,,,,,,,,卡尔夫,,,,,,,,,,人名,教程角色,tutorial_002
Ragna,Ragna,,,,,,,,,拉格纳,,,,,,,,,,人名,教程角色,tutorial_002
Bjoern,Bjoern,,,,,,,,,比约恩,,,,,,,,,,人名,教程角色,tutorial_002
Snorri,Snorri,,,,,,,,,斯诺里,,,,,,,,,,人名,教程角色,tutorial_003; tutorial_004; tutorial_005
Hedin,Hedin,,,,,,,,,海丁,,,,,,,,,,人名,教程角色,tutorial_003; tutorial_004
Orm,Orm,,,,,,,,,奥姆,,,,,,,,,,人名,教程角色,tutorial_003; tutorial_004
Ralf,Ralf,,,,,,,,,拉尔夫,,,,,,,,,,人名,教程角色,tutorial_003; tutorial_004
Geir,Geir,,,,,,,,,盖尔,,,,,,,,,,人名,教程角色,tutorial_003; tutorial_004
Eystein,Eystein,,,,,,,,,埃斯坦,,,,,,,,,,人名,教程角色,tutorial_003; tutorial_004
Bjarni,Bjarni,,,,,,,,,比雅尼,,,,,,,,,,人名,主角，战役角色；主线主角，维京勇士,campaign_01_01; campaign_01_02; tutorial_001
Hoirio,Hoirio,,,,,,,,,霍里奥,,,,,,,,,,人名,造船匠,campaign_01_01
Gabelbart,Forkbeard,,,,,,,,,岔胡子福克比尔德,,,,,,,,,,人名,比亚尔尼的表兄,campaign_01_01
Nornen,Norns,,,,,,,,,诺恩三女神,,,,,,,,,,神话人物,命运三女神乌尔德、薇儿丹蒂、诗寇蒂；北欧神话，命运三女神,campaign_01_01
Urd,Urd,,,,,,,,,乌尔德,,,,,,,,,,神话人物,诺恩三女神之一，掌管过去,campaign_01_01
Werdandi,Werdandi,,,,,,,,,薇儿丹蒂,,,,,,,,,,神话人物,诺恩三女神之一，掌管现在,campaign_01_01
Skuld,Skuld,,,,,,,,,诗寇蒂,,,,,,,,,,神话人物,诺恩三女神之一，掌管未来,campaign_01_01
Jörmungander,Jormungand,,,,,,,,,耶梦加得,,,,,,,,,,神话怪物,米德加尔特巨蛇,campaign_01_01
Ragnarök,Ragnarok,,,,,,,,,诸神的黄昏,,,,,,,,,,神话事件,诸神的最终之战；北欧神话，末日之战,campaign_01_01; campaign_01_11
Asgard,Asgard,,,,,,,,,阿斯加德,,,,,,,,,,神话地点,诸神的家园,campaign_01_01
Midgard,Midgard,,,,,,,,,米德加尔特,,,,,,,,,,神话地点,凡人世界,campaign_01_01
Norland,Norland,,,,,,,,,诺尔兰,,,,,,,,,,地点,诺恩三女神的岛屿,campaign_01_01
Wigrid Wall,Wigrid,,,,,,,,,维格利德之墙,,,,,,,,,,地点,命运之战的战场,campaign_01_01
Wiklingshausen,Vikingthorpe,,,,,,,,,维京索普,,,,,,,,,,地点,村庄名称,campaign_01_01
Grönland,Greenland,,,,,,,,,格陵兰,,,,,,,,,,地点,游戏开场地点,campaign_01_01
Met,Mead,,,,,,,,,蜂蜜酒,,,,,,,,,,物品,酿造的酒类饮品；消耗品,campaign_01_01; goods.ini
Bootsbauer,Shipbuilder,,,,,,,,,造船匠,,,,,,,,,,职业,建造船只的工匠；造船工匠,campaign_01_01
Träger,Carrier,,,,,,,,,搬运工,,,,,,,,,,职业,为工作场所运输物品的工人,campaign_01_01
Braumeister,Brewer,,,,,,,,,酿酒师,,,,,,,,,,职业,酿造蜂蜜酒的工匠；酿造蜂蜜酒的职业,campaign_01_01; jobs.ini
Bienenstock,Beehive,,,,,,,,,蜂巢,,,,,,,,,,建筑,生产蜂蜜的建筑,campaign_01_01; houses.ini
Brauerei,Brewery,,,,,,,,,酿酒坊,,,,,,,,,,建筑,酿造蜂蜜酒的建筑,campaign_01_01; houses.ini
Hauptquartier,Headquarters,,,,,,,,,大本营,,,,,,,,,,建筑,每个村庄的基础建筑，用于储存物品和宗教动机,houses.ini
Wohnhaus 1,Dwelling 1,,,,,,,,,一级民居,,,,,,,,,,建筑,可容纳一个家庭的民居,houses.ini
Wohnhaus 2,Dwelling 2,,,,,,,,,二级民居,,,,,,,,,,建筑,可容纳两个家庭的民居,houses.ini
Wohnhaus 3,Dwelling 3,,,,,,,,,三级民居,,,,,,,,,,建筑,可容纳三个家庭的民居,houses.ini
Wohnhaus 4,Dwelling 4,,,,,,,,,四级民居,,,,,,,,,,建筑,可容纳四个家庭的民居,houses.ini
Wohnhaus 5,Dwelling 5,,,,,,,,,五级民居,,,,,,,,,,建筑,可容纳五个家庭的民居,houses.ini
Lagerhaus 1,Warehouse 1,,,,,,,,,一级仓库,,,,,,,,,,建筑,最小的仓库,houses.ini
Lagerhaus 2,Warehouse 2,,,,,,,,,二级仓库,,,,,,,,,,建筑,中型仓库,houses.ini
Lagerhaus 3,Warehouse 3,,,,,,,,,三级仓库,,,,,,,,,,建筑,大型仓库,houses.ini
Brunnen,Well,,,,,,,,,水井,,,,,,,,,,建筑,生产水的建筑,houses.ini
Farm,Farm,,,,,,,,,农场,,,,,,,,,,建筑,种植小麦的建筑,houses.ini
Muhle,Mill,,,,,,,,,磨坊,,,,,,,,,,建筑,将小麦磨成面粉的建筑,houses.ini
Buckerei 1,Bakery 1,,,,,,,,,一级烘焙坊,,,,,,,,,,建筑,烘焙面包的建筑,houses.ini
Buckerei 2,Bakery 2,,,,,,,,,二级烘焙坊,,,,,,,,,,建筑,烘焙蛋糕的建筑,houses.ini
Viehzuchtere,Cattle Farm,,,,,,,,,畜牧场,,,,,,,,,,建筑,养殖动物的建筑,houses.ini
Naherei 1,Tailor's Workshop 1,,,,,,,,,一级裁缝铺,,,,,,,,,,建筑,生产鞋子的建筑,houses.ini
Naherei 2,Tailor's Workshop 2,,,,,,,,,二级裁缝铺,,,,,,,,,,建筑,生产皮甲和布甲的建筑,houses.ini
Topferei 1,Pottery 1,,,,,,,,,一级制陶坊,,,,,,,,,,建筑,生产陶砖的建筑,houses.ini
Topferei 2,Pottery 2,,,,,,,,,二级制陶坊,,,,,,,,,,建筑,生产瓦片的建筑,houses.ini
Topferei 3,Pottery 3,,,,,,,,,三级制陶坊,,,,,,,,,,建筑,生产器皿的建筑,houses.ini
Schreinerei 1,Carpenter's Shop 1,,,,,,,,,一级木匠坊,,,,,,,,,,建筑,生产木质工具的建筑,houses.ini
Schreinerei 2,Carpenter's Shop 2,,,,,,,,,二级木匠坊,,,,,,,,,,建筑,生产家具的建筑,houses.ini
Schreinerei 3,Carpenter's Shop 3,,,,,,,,,三级木匠坊,,,,,,,,,,建筑,生产木矛和手推车的建筑,houses.ini
Schreinerei 4,Carpenter's Shop 4,,,,,,,,,四级木匠坊,,,,,,,,,,建筑,生产船只和牛车的建筑,houses.ini
Waffenhutte 1,Armourer's Shop 1,,,,,,,,,一级武器坊,,,,,,,,,,建筑,生产短弓和长弓的建筑,houses.ini
Waffenhutte 2,Armourer's Shop 2,,,,,,,,,二级武器坊,,,,,,,,,,建筑,生产投石机的建筑,houses.ini
Steinmetzhutte 1,Mason's Shop 1,,,,,,,,,一级石匠坊,,,,,,,,,,建筑,生产石砖的建筑,houses.ini
Steinmetzhutte 2,Mason's Shop 2,,,,,,,,,二级石匠坊,,,,,,,,,,建筑,生产大理石的建筑,houses.ini
Schmiede 1,Smithy 1,,,,,,,,,一级铁匠铺,,,,,,,,,,建筑,生产铁质工具和武器的建筑,houses.ini
Schmiede 2,Smithy 2,,,,,,,,,二级铁匠铺,,,,,,,,,,建筑,生产长剑和铁甲的建筑,houses.ini
Munzpruge,Coin Mint,,,,,,,,,铸币厂,,,,,,,,,,建筑,铸造金币的建筑,houses.ini
Kruuterhutte,Herb Hut,,,,,,,,,草药屋,,,,,,,,,,建筑,采集和种植草药的建筑,houses.ini
Alchemistenhutte 1,Alchemist's Hut 1,,,,,,,,,一级炼金小屋,,,,,,,,,,建筑,生产油的建筑,houses.ini
Alchemistenhutte 2,Alchemist's Hut 2,,,,,,,,,二级炼金小屋,,,,,,,,,,建筑,生产药剂的建筑,houses.ini
Tempel,Temple,,,,,,,,,神庙,,,,,,,,,,建筑,用于宗教动机的建筑,houses.ini
Schule,School,,,,,,,,,学校,,,,,,,,,,建筑,学习新职业的建筑,houses.ini
Kaserne,Barracks,,,,,,,,,兵营,,,,,,,,,,建筑,招募士兵的建筑,houses.ini
Wachturm 1,Defence Tower 1,,,,,,,,,一级箭塔,,,,,,,,,,建筑,防御性建筑,houses.ini
Wachturm 2,Defence Tower 2,,,,,,,,,二级箭塔,,,,,,,,,,建筑,防御性建筑,houses.ini
Wasser,Water,,,,,,,,,水,,,,,,,,,,物品,基础资源,goods.ini
Lehm,Clay,,,,,,,,,黏土,,,,,,,,,,物品,基础资源,goods.ini
Bruchstein,Rubble stone,,,,,,,,,碎石,,,,,,,,,,物品,基础资源,goods.ini
Weizen,Wheat,,,,,,,,,小麦,,,,,,,,,,物品,基础资源,goods.ini
Holz,Wood,,,,,,,,,木材,,,,,,,,,,物品,基础资源,goods.ini
Eisen,Iron,,,,,,,,,铁矿,,,,,,,,,,物品,基础资源,goods.ini
Gold,Gold,,,,,,,,,金矿,,,,,,,,,,物品,基础资源,goods.ini
Munzen,Coins,,,,,,,,,金币,,,,,,,,,,物品,贸易商品,goods.ini
Leder,Leather,,,,,,,,,皮革,,,,,,,,,,物品,原材料,goods.ini
Wolle,Wool,,,,,,,,,羊毛,,,,,,,,,,物品,原材料,goods.ini
Mehl,Flour,,,,,,,,,面粉,,,,,,,,,,物品,加工品,goods.ini
Honig,Honey,,,,,,,,,蜂蜜,,,,,,,,,,物品,加工品,goods.ini
Kruuter,Herbs,,,,,,,,,草药,,,,,,,,,,物品,原材料,goods.ini
Pilze,Mushrooms,,,,,,,,,蘑菇,,,,,,,,,,物品,原材料,goods.ini
Ol,Oil,,,,,,,,,油,,,,,,,,,,物品,加工品,goods.ini
Nahrung,Food,,,,,,,,,食物,,,,,,,,,,物品,消耗品,goods.ini
Kuchen,Cake,,,,,,,,,蛋糕,,,,,,,,,,物品,特殊食物,goods.ini
Fruchte,Fruits,,,,,,,,,水果,,,,,,,,,,物品,食物,goods.ini
Brot,Bread,,,,,,,,,面包,,,,,,,,,,物品,食物,goods.ini
Fleisch,Meat,,,,,,,,,肉,,,,,,,,,,物品,食物,goods.ini
Fisch,Fish,,,,,,,,,鱼,,,,,,,,,,物品,食物,goods.ini
Wurst,Sausage,,,,,,,,,香肠,,,,,,,,,,物品,食物,goods.ini
Backsteine,Bricks,,,,,,,,,陶砖,,,,,,,,,,物品,建筑材料,goods.ini
Dachziegel,Tiles,,,,,,,,,瓦片,,,,,,,,,,物品,建筑材料,goods.ini
Steinblocke,Stone blocks,,,,,,,,,石砖,,,,,,,,,,物品,建筑材料,goods.ini
Marmor,Marble,,,,,,,,,大理石,,,,,,,,,,物品,建筑材料,goods.ini
Geschirr,Crockery,,,,,,,,,器皿,,,,,,,,,,物品,家具,goods.ini
Mobel,Furniture,,,,,,,,,家具,,,,,,,,,,物品,家具,goods.ini
Schuhe,Shoes,,,,,,,,,鞋子,,,,,,,,,,物品,装备,goods.ini
Holzwerkzeuge,Wooden tools,,,,,,,,,木质工具,,,,,,,,,,物品,工具,goods.ini
Eisenwerkzeuge,Iron tools,,,,,,,,,铁质工具,,,,,,,,,,物品,工具,goods.ini
Waffenrock,Tunic,,,,,,,,,布甲,,,,,,,,,,物品,护甲,goods.ini
Lederrustung,Leather armour,,,,,,,,,皮甲,,,,,,,,,,物品,护甲,goods.ini
Kettenhemd,Chain mail,,,,,,,,,锁甲,,,,,,,,,,物品,护甲,goods.ini
Plattenrustung,Plate armour,,,,,,,,,板甲,,,,,,,,,,物品,护甲,goods.ini
Kurzbogen,Short bow,,,,,,,,,短弓,,,,,,,,,,物品,武器,goods.ini
Langbogen,Longbow,,,,,,,,,长弓,,,,,,,,,,物品,武器,goods.ini
Holzspeer,Wooden spear,,,,,,,,,木矛,,,,,,,,,,物品,武器,goods.ini
Eisenspeer,Iron spear,,,,,,,,,铁矛,,,,,,,,,,物品,武器,goods.ini
Kurzschwert,Shortsword,,,,,,,,,短剑,,,,,,,,,,物品,武器,goods.ini
Langschwert,Longsword,,,,,,,,,长剑,,,,,,,,,,物品,武器,goods.ini
Kleiner Nahrungstrank,Small nourishing potion,,,,,,,,,小型营养药水,,,,,,,,,,物品,消耗品,goods.ini
Grosser Nahrungstrank,Large nourishing potion,,,,,,,,,大型营养药水,,,,,,,,,,物品,消耗品,goods.ini
Kleiner Wachtrank,Small stamina potion,,,,,,,,,小型耐力药水,,,,,,,,,,物品,消耗品,goods.ini
Grosser Wachtrank,Large stamina potion,,,,,,,,,大型耐力药水,,,,,,,,,,物品,消耗品,goods.ini
Kleiner Heiltrank,Small healing potion,,,,,,,,,小型治疗药水,,,,,,,,,,物品,消耗品,goods.ini
Grosser Heiltrank,Large healing potion,,,,,,,,,大型治疗药水,,,,,,,,,,物品,消耗品,goods.ini
Nahrungsamulett,Nourishing amulet,,,,,,,,,营养护符,,,,,,,,,,物品,护符,goods.ini
Wachbleibamulett,Stamina amulet,,,,,,,,,耐力护符,,,,,,,,,,物品,护符,goods.ini
Starkeamulett,Strength amulet,,,,,,,,,力量护符,,,,,,,,,,物品,护符,goods.ini
Verteidigungsamulett,Defence amulet,,,,,,,,,防御护符,,,,,,,,,,物品,护符,goods.ini
Trefferamulett,Precision amulet,,,,,,,,,精准护符,,,,,,,,,,物品,护符,goods.ini
Windamulett,Wind amulet,,,,,,,,,疾风护符,,,,,,,,,,物品,护符,goods.ini
Bauarbeiter,Builder,,,,,,,,,建筑工人,,,,,,,,,,职业,建造建筑的职业,jobs.ini
Abbauer,Gatherer,,,,,,,,,采集工,,,,,,,,,,职业,采集资源的职业,jobs.ini
Jager,Hunter,,,,,,,,,猎人,,,,,,,,,,职业,狩猎动物的职业,jobs.ini
Fischer,Fisherman,,,,,,,,,渔夫,,,,,,,,,,职业,捕鱼的职业,jobs.ini
Bauer,Farmer,,,,,,,,,农民,,,,,,,,,,职业,种植小麦的职业,jobs.ini
Muller,Miller,,,,,,,,,磨坊主,,,,,,,,,,职业,磨面粉的职业,jobs.ini
Backer,Baker,,,,,,,,,面包师,,,,,,,,,,职业,烘焙面包的职业,jobs.ini
Viehzuchter,Livestock breeder,,,,,,,,,畜牧工,,,,,,,,,,职业,养殖动物的职业,jobs.ini
Nahermeister,Tailor,,,,,,,,,裁缝,,,,,,,,,,职业,制作衣物的职业,jobs.ini
Topfer,Potter,,,,,,,,,陶工,,,,,,,,,,职业,制作陶器的职业,jobs.ini
Schreiner,Carpenter,,,,,,,,,木工,,,,,,,,,,职业,制作木制品的职业,jobs.ini
Waffenbauer,Weaponsmith,,,,,,,,,武器匠,,,,,,,,,,职业,制作武器的职业,jobs.ini
Steinmetz,Mason,,,,,,,,,石匠,,,,,,,,,,职业,制作石材制品的职业,jobs.ini
Schmied,Blacksmith,,,,,,,,,铁匠,,,,,,,,,,职业,锻造铁制品的职业,jobs.ini
Munzpruger,Coin minter,,,,,,,,,铸币师,,,,,,,,,,职业,铸造金币的职业,jobs.ini
Kruutersammler,Herb gatherer,,,,,,,,,草药采集者,,,,,,,,,,职业,采集草药的职业,jobs.ini
Druide,Druid,,,,,,,,,德鲁伊,,,,,,,,,,职业,村庄的智者与祭司,jobs.ini
Soldat,Soldier,,,,,,,,,士兵,,,,,,,,,,职业,战斗单位,jobs.ini
Kundschafter,Scout,,,,,,,,,侦察兵,,,,,,,,,,职业,探索和发现,jobs.ini
Trager,Carrier,,,,,,,,,搬运工,,,,,,,,,,职业,搬运物品,jobs.ini
Handler,Trader,,,,,,,,,商人,,,,,,,,,,职业,贸易,jobs.ini
Wikinger,Vikings,,,,,,,,,维京人,,,,,,,,,,种族,北欧海盗民族,tribes.ini
Ägypterdörfchen,Egyptian Village,,,,,,,,,埃及小村,,,,,,,,,,地名,教程地图中尼罗河畔的埃及人村落,tutorial_001
Wikingersoldat,Viking Soldier,,,,,,,,,维京战士,,,,,,,,,,军事,维京战斗单位（游戏中称 Wikingersoldat）,tutorial_001; tutorial_007
Sarazenen,Saracens,,,,,,,,,撒拉逊人,,,,,,,,,,种族,阿拉伯民族,tribes.ini
Franken,Franks,,,,,,,,,法兰克人,,,,,,,,,,种族,西欧民族,tribes.ini
Byzanz,Byzantines,,,,,,,,,拜占庭人,,,,,,,,,,种族,东罗马帝国民族,tribes.ini
Eskimo,Eskimos,,,,,,,,,爱斯基摩人,,,,,,,,,,种族,北极民族,tribes.ini
S-KI-MOS,,,,,,,,,,爱斯基摩人,,,,,,,,,,种族,北极民族（德语变体写法，同 Eskimos）,map_xml_user/Campaign01
Ykol,Ykol,,,,,,,,,伊科尔,,,,,,,,,,角色,特殊NPC,wonders001.ini
Wolfe,Wolves,,,,,,,,,狼群,,,,,,,,,,生物,野生动物,chesttypes.ini
Lowen,Lions,,,,,,,,,狮子,,,,,,,,,,生物,野生动物,chesttypes.ini
Werwolf,Werewolf,,,,,,,,,狼人,,,,,,,,,,生物,神话生物,tribes.ini
Katapult,Catapult,,,,,,,,,投石机,,,,,,,,,,车辆,攻城武器,vehicletypes.ini
Handkarren,Handcart,,,,,,,,,手推车,,,,,,,,,,车辆,运输工具,vehicletypes.ini
Ochsenkarren,Ox Cart,,,,,,,,,牛车,,,,,,,,,,车辆,运输工具,vehicletypes.ini
Schiff,Ship,,,,,,,,,船只,,,,,,,,,,车辆,水上交通工具,vehicletypes.ini
Grosses Schiff,Big Ship,,,,,,,,,大型船只,,,,,,,,,,车辆,水上交通工具,vehicletypes.ini
Mission,Mission,,,,,,,,,任务,,,,,,,,,,游戏术语,游戏中的任务,ingameguimessages.ini
Kampagne,Campaign,,,,,,,,,战役,,,,,,,,,,游戏术语,一系列任务,mainmenu.ini
Tutorial,Tutorial,,,,,,,,,教程,,,,,,,,,,游戏术语,教学模式,odin001.ini
Saga,Saga,,,,,,,,,萨迦,,,,,,,,,,游戏术语,北欧传奇故事,saga001.ini
Mythologie,Mythology,,,,,,,,,神话,,,,,,,,,,游戏术语,北欧神话,odin001.ini
Aggressiv,Aggressive,,,,,,,,,进攻,,,,,,,,,,军事模式,士兵进攻模式,militarymodes.ini
Defensiv,Defensive,,,,,,,,,防御,,,,,,,,,,军事模式,士兵防御模式,militarymodes.ini
Ignorant,Ignorant,,,,,,,,,无视,,,,,,,,,,军事模式,士兵无视模式,militarymodes.ini
Fliehen,Flee,,,,,,,,,逃跑,,,,,,,,,,军事模式,士兵逃跑模式,militarymodes.ini
Freundlich,Friend,,,,,,,,,友好,,,,,,,,,,外交状态,友好关系,ingameguimisclogic.ini
Neutral,Neutral,,,,,,,,,中立,,,,,,,,,,外交状态,中立关系,ingameguimisclogic.ini
Feindlich,Enemy,,,,,,,,,敌对,,,,,,,,,,外交状态,敌对关系,ingameguimisclogic.ini
Sigurd,Sigurd,,,,,,,,,西格德,,,,,,,,,,人名,Bjarni的好友，维京勇士,campaign_01_04; campaign_02_01; campaign_02_03
Cyra,Cyra,,,,,,,,,希拉,,,,,,,,,,人名,Bjarni的妻子，参与封印芬里尔狼,campaign_01_05; campaign_02_06
Hatschi,Hatchie,,,,,,,,,哈奇,,,,,,,,,,人名,阿拉伯朋友，二代主线配角,campaign_01_10; campaign_02_01
Mani,Mani,,,,,,,,,玛尼,,,,,,,,,,人名,第八世界奇迹主角之一,_campaign_04_01; campaign_03_01
Norbert,Norbert,,,,,,,,,诺伯特,,,,,,,,,,人名,龙，Mani的伙伴,_campaign_04_01; campaign_03_02
Miguel,Miguel,,,,,,,,,米格尔,,,,,,,,,,人名,singleplayer_02_01 角色,campaign_02_01; singleplayer_02_01
Gunnar,Gunnar,,,,,,,,,古纳尔,,,,,,,,,,人名,campaign_03_03 角色,campaign_03_03
Herostrates,Herostrates,,,,,,,,,赫罗斯特拉特斯,,,,,,,,,,人名,纵火者，为求名焚毁阿尔忒弥斯神庙,campaign_03_05; campaign_03_05_sub1
Rothild,Rothild,,,,,,,,,罗希尔德,,,,,,,,,,人名,_campaign_04_01_sub3 角色,_campaign_04_01_sub3
Blaustrumpf,Blaustrumpf,,,,,,,,,布劳施特鲁姆夫,,,,,,,,,,人名,_campaign_04_01_sub3 角色,_campaign_04_01_sub3
Pyro,Pyro,,,,,,,,,派罗,,,,,,,,,,人名,火龙，_campaign_04_02 角色,_campaign_04_02; _campaign_04_02_sub1
Aquarius,Aquarius,,,,,,,,,阿夸里乌斯,,,,,,,,,,人名,水龙,_campaign_04_01_sub1; _campaign_04_01_sub2
Aquarom,Aquarom,,,,,,,,,阿夸罗姆,,,,,,,,,,人名,_campaign_04_03_sub1 角色,_campaign_04_03_sub1; _campaign_04_05_sub1
Kobul,Kobul,,,,,,,,,科布尔,,,,,,,,,,人名,campaign_03_02 角色,campaign_03_02; _campaign_04_04
Terras,Terras,,,,,,,,,特拉斯,,,,,,,,,,人名,地龙,_campaign_04_04_sub2; _campaign_04_05
Abras,Abras,,,,,,,,,阿布拉斯,,,,,,,,,,人名,水龙,_campaign_04_04_sub2; _campaign_04_05
Lumis,Lumis,,,,,,,,,卢米斯,,,,,,,,,,人名,_campaign_04_01 角色,_campaign_04_01; _campaign_04_02
Gerols,Gerols,,,,,,,,,格罗尔斯,,,,,,,,,,人名,_campaign_04_01 角色,_campaign_04_01; _campaign_04_03; _campaign_04_05
Jafar,Jafar,,,,,,,,,贾法尔,,,,,,,,,,人名,campaign_01_08 角色,campaign_01_08
Ali Baba,Ali Baba,,,,,,,,,阿里巴巴,,,,,,,,,,人名,campaign_01_08 角色,campaign_01_08
Sindbad,Sindbad,,,,,,,,,辛巴达,,,,,,,,,,人名,campaign_01_10 角色,campaign_01_10
Heimdall,Heimdall,,,,,,,,,海姆达尔,,,,,,,,,,人名,北欧神话，彩虹桥守卫者,campaign_02_07; campaign_02_07-sub
Loki,Loki,,,,,,,,,洛基,,,,,,,,,,人名,北欧神话，诡计之神，Ykol的真身,campaign_02_08
Hardradi,Hardradi,,,,,,,,,哈德拉迪,,,,,,,,,,人名,拜占庭将军,campaign_01_06; campaign_01_07
Sven Herulfson,Sven Herulfson,,,,,,,,,斯文·赫鲁尔夫松,,,,,,,,,,人名,campaign_01_07 角色,campaign_01_07
Wieland,Wieland,,,,,,,,,维兰,,,,,,,,,,人名,传奇铁匠,campaign_01_03
Robin Hood,Robin Hood,,,,,,,,,罗宾汉,,,,,,,,,,人名,英格兰传奇英雄,campaign_01_03
Knut,Knut,,,,,,,,,克努特,,,,,,,,,,人名,教程角色,tutorial_001
Ulla,Ulla,,,,,,,,,乌拉,,,,,,,,,,人名,教程角色,tutorial_001
Thorbjorn,Thorbjorn,,,,,,,,,托尔比约恩,,,,,,,,,,人名,教程角色,tutorial_001
Kari,Kari,,,,,,,,,卡里,,,,,,,,,,人名,教程角色,tutorial_001
Groa,Groa,,,,,,,,,格罗阿,,,,,,,,,,人名,教程角色,tutorial_001
Ljotolf,Ljotolf,,,,,,,,,约托尔夫,,,,,,,,,,人名,教程角色,tutorial_001
Thorfinn,Thorfinn,,,,,,,,,托尔芬,,,,,,,,,,人名,教程角色,tutorial_005
Lodin,Lodin,,,,,,,,,洛丁,,,,,,,,,,人名,教程角色,tutorial_005
Lehmi,Lehmi,,,,,,,,,莱米,,,,,,,,,,人名,教程角色,tutorial_005
Steini,Steini,,,,,,,,,施泰尼,,,,,,,,,,人名,教程角色,tutorial_005
Sturla,Sturla,,,,,,,,,斯图尔拉,,,,,,,,,,人名,教程角色,tutorial_005
Ari,Ari,,,,,,,,,阿里,,,,,,,,,,人名,教程角色,tutorial_005
Chares,Chares,,,,,,,,,卡雷斯,,,,,,,,,,人名,罗德岛太阳神巨像建筑师,campaign_03_03
Demetrios,Demetrios,,,,,,,,,德米特里奥斯,,,,,,,,,,人名,campaign_03_03 角色,campaign_03_03_sub1; campaign_03_03_sub2
Plato,Plato,,,,,,,,,柏拉图,,,,,,,,,,人名,campaign_03_03 角色,campaign_03_03
Sostratos,Sostratos,,,,,,,,,索斯特拉托斯,,,,,,,,,,人名,法罗斯灯塔建筑师,campaign_03_01
Croesus,Croesus,,,,,,,,,克罗伊斯,,,,,,,,,,人名,campaign_03_03 角色,campaign_03_03
Mausolos,Mausolos,,,,,,,,,毛索洛斯,,,,,,,,,,人名,哈利卡纳苏斯国王，陵墓主人,campaign_03_04
Artemisia,Artemisia,,,,,,,,,阿尔特米西亚,,,,,,,,,,人名,摩索拉斯王之妻,campaign_03_04
Satyros,Satyros,,,,,,,,,萨提罗斯,,,,,,,,,,人名,campaign_03_04 角色,campaign_03_04
Halikarnassos,Halikarnassos,,,,,,,,,哈利卡纳苏斯,,,,,,,,,,地名,卡里亚之都,campaign_03_04
Osirer,Osirer,,,,,,,,,奥西里斯族,,,,,,,,,,部族,奉冥界之神为名的埃及裔族裔,campaign_03_04
Al Rhababa,Al Rhababa,,,,,,,,,阿尔拉哈巴,,,,,,,,,,部族,哈利卡纳苏斯外海海盗,campaign_03_04
El Arab,El Arab,,,,,,,,,埃尔阿拉布,,,,,,,,,,部族,山脚部族,campaign_03_04
Letros,Letros,,,,,,,,,莱特罗斯,,,,,,,,,,人名,箱商,campaign_03_04
Amulos,Amulos,,,,,,,,,阿穆洛斯,,,,,,,,,,人名,箱商,campaign_03_04
Vinos,Vinos,,,,,,,,,维诺斯,,,,,,,,,,人名,箱商,campaign_03_04
Tut Ma' Nix,Tut Ma' Nix,,,,,,,,,塔特·马·尼克斯,,,,,,,,,,人名,奥西里斯族大祭司,campaign_03_04
Phidias,Phidias,,,,,,,,,菲狄亚斯,,,,,,,,,,人名,宙斯神像雕塑家,campaign_03_06
Amelia,Amelia,,,,,,,,,阿梅利亚,,,,,,,,,,人名,campaign_03_05 角色,campaign_03_05
Hermeias,Hermeias,,,,,,,,,赫尔梅亚斯,,,,,,,,,,人名,campaign_03_05 角色,campaign_03_05
Artemis,Artemis,,,,,,,,,阿尔忒弥斯,,,,,,,,,,神明,狩猎与月亮女神,campaign_03_05
Ephesos,Ephesos,,,,,,,,,以弗所,,,,,,,,,,地名,小亚细亚古城，阿尔忒弥斯神庙所在地,campaign_03_05
Sumpfvolk,swamp tribe,,,,,,,,,沼泽部族,,,,,,,,,,部族,居于沼泽边缘之族,campaign_03_05_sub2
Sumpfweisen,swamp sages,,,,,,,,,沼泽智者,,,,,,,,,,部族,隐于沼泽深处的智者,campaign_03_05_sub2
Lebensenergie,life energy,,,,,,,,,生命能量,,,,,,,,,,概念,沼泽中的奇异魔法能量,campaign_03_05_sub2
Anthusa,Anthusa,,,,,,,,,安图萨,,,,,,,,,,人名,campaign_03_06 角色,campaign_03_06
Destasia,Destasia,,,,,,,,,德斯塔西亚,,,,,,,,,,人名,campaign_03_06 角色,campaign_03_06
Pasara,Pasara,,,,,,,,,帕萨拉,,,,,,,,,,人名,campaign_03_06 角色,campaign_03_06
Olympia,Olympia,,,,,,,,,奥林匹亚,,,,,,,,,,地名,宙斯巨像所在地，奥林匹克竞技发源地,campaign_03_06
Elis,Elis,,,,,,,,,埃利斯,,,,,,,,,,地名,伯罗奔尼撒城邦,campaign_03_06
Korinth,Korinth,,,,,,,,,科林斯,,,,,,,,,,地名,古希腊城邦,campaign_03_06
Sparta,Sparta,,,,,,,,,斯巴达,,,,,,,,,,地名,古希腊军事城邦,campaign_03_06
Megara,Megara,,,,,,,,,墨伽拉,,,,,,,,,,地名,古希腊城邦,campaign_03_06
Eliser,Eliser,,,,,,,,,埃利斯人,,,,,,,,,,部族,埃利斯之民,campaign_03_06
Läufer,Runner,,,,,,,,,赛跑者,,,,,,,,,,身份,奥林匹亚竞技之赛跑者,campaign_03_06
Nomadenkrieger,nomad warriors,,,,,,,,,游牧战士,,,,,,,,,,部族,崇拜宙斯之游牧武士,campaign_03_06
Kronos,Kronos,,,,,,,,,克洛诺斯,,,,,,,,,,神明,提坦神，宙斯之父,campaign_03_06
Flammenmeer,Flammenmeer,,,,,,,,,火海,,,,,,,,,,地名,斯巴达地下熔岩秘窟,campaign_03_06_sub2
Elfenbein,ivory,,,,,,,,,象牙,,,,,,,,,,材料,巨像裸身镶饰所用,campaign_03_06
Edelmetalle,precious metals,,,,,,,,,贵金属,,,,,,,,,,材料,嵌于权杖之稀有金属,campaign_03_06
Nike,Nike,,,,,,,,,尼刻,,,,,,,,,,神明,胜利女神，立于宙斯右手,campaign_03_06
Zeusstatue,Statue of Zeus,,,,,,,,,宙斯巨像,,,,,,,,,,奇迹,世界奇迹5（菲狄亚斯塑）,campaign_03_06
Merobaudes,Merobaudes,,,,,,,,,梅罗鲍德斯,,,,,,,,,,人名,singleplayer_01_07 角色,singleplayer_01_07
Nanuk,Nanuk,,,,,,,,,纳努克,,,,,,,,,,人名,weinachten_2002 角色,weinachten_2002
Linda,Linda,,,,,,,,,琳达,,,,,,,,,,人名,campaign_03_03 角色,campaign_03_03
Petros,Petros,,,,,,,,,佩特罗斯,,,,,,,,,,人名,campaign_03_03 角色,campaign_03_03
Buerokrates,Buerokrates,,,,,,,,,官僚布罗克拉特斯,,,,,,,,,,人名,campaign_03_03 角色（戏仿官僚）,campaign_03_03
Sekretarios,Sekretarios,,,,,,,,,秘书塞克拉塔里奥斯,,,,,,,,,,人名,campaign_03_03 角色（戏仿秘书）,campaign_03_03
Metros,Metros,,,,,,,,,梅特罗斯,,,,,,,,,,人名,campaign_03_03 角色,campaign_03_03
Prof. Wamugo,Prof. Wamugo,,,,,,,,,瓦穆戈教授,,,,,,,,,,人名,_campaign_04_03 角色,_campaign_04_03; _campaign_04_05
Tankred,Tankred,,,,,,,,,坦克雷德,,,,,,,,,,人名,campaign_01_02-sub 角色,campaign_01_02-sub
Johannes,Johannes,,,,,,,,,约翰内斯,,,,,,,,,,人名,campaign_02_04 角色,campaign_02_04
Smilch,Smilch,,,,,,,,,斯米尔奇,,,,,,,,,,人名,campaign_02_04 角色,campaign_02_04
Dobur,Dobur,,,,,,,,,多布尔,,,,,,,,,,人名,campaign_02_04 角色,campaign_02_04
NORMANDIE,NORMANDY,,,,,,,,,诺曼底,,,,,,,,,,地名,法国北部地区,campaign_01_02
ENGLAND,ENGLAND,,,,,,,,,英格兰,,,,,,,,,,地名,英国,campaign_01_03
ITALIEN,ITALY,,,,,,,,,意大利,,,,,,,,,,地名,南欧,campaign_01_04
MIKLAGARD,MIKLAGARD,,,,,,,,,米克拉加德,,,,,,,,,,地名,维京对君士坦丁堡的称呼,campaign_01_05
ALEXANDRIA,ALEXANDRIA,,,,,,,,,亚历山大港,,,,,,,,,,地名,埃及港口城市,campaign_01_08; campaign_03_01
PALÄSTINA,PALESTINE,,,,,,,,,巴勒斯坦,,,,,,,,,,地名,中东地区,campaign_01_09
BAGDAD,BAGHDAD,,,,,,,,,巴格达,,,,,,,,,,地名,伊拉克首都,campaign_01_10
WALHALLA,VALHALLA,,,,,,,,,瓦尔哈拉,,,,,,,,,,地名,北欧神话，英灵殿,campaign_02_06
NORDLAND,NORTHLAND,,,,,,,,,北地,,,,,,,,,,地名,北方之地,campaign_02_06
HEL'S REICH,HEL'S REALM,,,,,,,,,海尔之国,,,,,,,,,,地名,北欧神话，死亡女神Hel的领地,campaign_02_07
PHAROS,PHAROS,,,,,,,,,法罗斯,,,,,,,,,,地名,亚历山大港外岛屿，灯塔所在地,campaign_03_01
RHODOS,RHODES,,,,,,,,,罗德岛,,,,,,,,,,地名,希腊岛屿，巨像所在地,campaign_03_03
GIZEH,GIZA,,,,,,,,,吉萨,,,,,,,,,,地名,埃及金字塔所在地,campaign_03_07
THULE,THULE,,,,,,,,,图勒,,,,,,,,,,地名,北欧神话中的极北之地,campaign_01_03
LONDON,LONDON,,,,,,,,,伦敦,,,,,,,,,,地名,英国首都,campaign_01_03
NOTTINGHAM,NOTTINGHAM,,,,,,,,,诺丁汉,,,,,,,,,,地名,英国城市,campaign_01_03
PARIS,PARIS,,,,,,,,,巴黎,,,,,,,,,,地名,法国首都,campaign_01_02
RATINGEN,RATINGEN,,,,,,,,,拉廷根,,,,,,,,,,地名,德国城市,campaign_01_02
OBERKIRCH,OBERKIRCH,,,,,,,,,奥伯基希,,,,,,,,,,地名,德国城市,campaign_01_02
BRISTOL,BRISTOL,,,,,,,,,布里斯托尔,,,,,,,,,,地名,英国城市,campaign_01_03
YORK,YORK,,,,,,,,,约克,,,,,,,,,,地名,英国城市,campaign_01_03
BABYLON,BABYLON,,,,,,,,,巴比伦,,,,,,,,,,地名,古巴比伦城,campaign_03_02; _campaign_04_04
ANTIOCHIA,ANTIOCHIA,,,,,,,,,安条克,,,,,,,,,,地名,古叙利亚城市,singleplayer_01_05
AKKON,AKKON,,,,,,,,,阿克,,,,,,,,,,地名,黎凡特城市,singleplayer_01_10
HAITABU,HAITABU,,,,,,,,,海塔布,,,,,,,,,,地名,维京时代重要贸易站,singleplayer_01_04
MONTSERAINE,MONTSERAINE,,,,,,,,,蒙特塞雷恩,,,,,,,,,,地名,demo_singleplayer_02 虚构地名,demo_singleplayer_02
LINDOS,LINDOS,,,,,,,,,林多斯,,,,,,,,,,地名,罗德岛古城,campaign_03_03
BIFROST,BIFROST,,,,,,,,,比弗罗斯特,,,,,,,,,,地名,北欧神话，彩虹桥,campaign_02_07-sub
GRAUHOLM,GRAUHOLM,,,,,,,,,格拉乌霍尔姆,,,,,,,,,,地名,_campaign_04_01_sub3 虚构地名,_campaign_04_01_sub3
SÄRKLAND,SARKLAND,,,,,,,,,萨尔克兰,,,,,,,,,,地名,维京对中东/巴格达地区的称呼,campaign_01_10
Fenriswolf,Fenris Wolf,,,,,,,,,芬里尔狼,,,,,,,,,,神话,北欧神话，Loki之子，巨狼,campaign_02_04; campaign_02_05
Fenrir,Fenrir,,,,,,,,,芬里尔,,,,,,,,,,神话,芬里尔狼的别名,campaign_02_04; campaign_02_05
Midgardschlange,Midgard Serpent,,,,,,,,,米德加德之蛇,,,,,,,,,,神话,北欧神话，Loki之子，耶梦加得,campaign_01_11
Yggdrasil,Yggdrasil,,,,,,,,,世界树,,,,,,,,,,神话,北欧神话，宇宙之树,campaign_02_06
Yggdrasils-Orden,Yggdrasil Order,,,,,,,,,世界树教团,,,,,,,,,,神话,游戏组织,campaign_02_06
Warägergarde,Waräger Guard,,,,,,,,,瓦良格卫队,,,,,,,,,,军事,拜占庭皇帝的维京卫队,campaign_01_06; campaign_01_07
Aquas,Aquas,,,,,,,,,阿夸斯,,,,,,,,,,生物,水龙,_campaign_04_01; _campaign_04_04_sub2
Feuerdrachen,Fire Dragons,,,,,,,,,火龙,,,,,,,,,,生物,_campaign_04 系列,_campaign_04_01
Steindrachen,Stone Dragons,,,,,,,,,石龙,,,,,,,,,,生物,_campaign_04 系列,_campaign_04_01
Wasserdrachen,Water Dragons,,,,,,,,,水龙,,,,,,,,,,生物,_campaign_04 系列,_campaign_04_01
Schwarzdrachen,Black Dragons,,,,,,,,,黑龙,,,,,,,,,,生物,_campaign_04_02_sub2,_campaign_04_02_sub2
Erddrachen,Earth Dragons,,,,,,,,,地龙,,,,,,,,,,生物,_campaign_04_05,_campaign_04_05
Zauberdrachen,Magic Dragons,,,,,,,,,魔法龙,,,,,,,,,,生物,_campaign_04_05,_campaign_04_05
Schlangenkrieger,Serpent Warriors,,,,,,,,,蛇战士,,,,,,,,,,军事,蛇族战士,campaign_02_01
Schlangenvolk,Serpent People,,,,,,,,,蛇族,,,,,,,,,,种族,蛇形人种,campaign_01_11; singleplayer_01_08
Schlangendämonen,Serpent Demons,,,,,,,,,蛇魔,,,,,,,,,,生物,蛇形恶魔,demo_singleplayer_02; singleplayer_02_06
Schlangenwächter,Serpent Guard,,,,,,,,,蛇卫,,,,,,,,,,军事,蛇族守卫,campaign_01_10-sub
Nebelschlangen,Fog Serpents,,,,,,,,,雾蛇,,,,,,,,,,生物,singleplayer_02_03-sub3,singleplayer_02_03-sub3
Geisterkrieger,Ghost Warriors,,,,,,,,,幽灵战士,,,,,,,,,,军事,Loki的幽灵战士,campaign_02_07; campaign_02_08
Werwölfkrieger,Werewolf Warriors,,,,,,,,,狼人战士,,,,,,,,,,军事,狼人战士,campaign_02_07
Wolfskreaturen,Wolf Creatures,,,,,,,,,狼人生物,,,,,,,,,,生物,singleplayer_02_01-sub5,singleplayer_02_01-sub5
Drachen,Dragons,,,,,,,,,龙,,,,,,,,,,生物,龙族总称,campaign_03_02_sub
Plattländer,Lowlanders,,,,,,,,,低地人,,,,,,,,,,种族,多人地图部族,multiplayer_005; multiplayer_101
Highländer,Highlanders,,,,,,,,,高地人,,,,,,,,,,种族,多人地图部族,multiplayer_005; multiplayer_101
Nomaden,Nomads,,,,,,,,,游牧民,,,,,,,,,,种族,游牧民族,campaign_01_08; campaign_03_01
Hafenvolk,Harbour People,,,,,,,,,港口民,,,,,,,,,,种族,港口部族,campaign_01_10; campaign_03_05
Bergvolk,Mountain Tribe,,,,,,,,,山地部族,,,,,,,,,,种族,山地部族,campaign_03_01
Sandleute,Sand Dwellers,,,,,,,,,沙民,,,,,,,,,,种族,沙漠部族,multiplayer_204
Schneeschieber,Snow Pushers,,,,,,,,,推雪者,,,,,,,,,,种族,多人地图部族,multiplayer_204
Dunkelländer,Darklanders,,,,,,,,,暗地人,,,,,,,,,,种族,多人地图部族,multiplayer_101
Finsterländer,Gloomlanders,,,,,,,,,幽地人,,,,,,,,,,种族,多人地图部族,multiplayer_201
Markländer,Marklanders,,,,,,,,,边地人,,,,,,,,,,种族,singleplayer_02_03 部族,singleplayer_02_03
Helluländer,Hellulanders,,,,,,,,,赫鲁兰人,,,,,,,,,,种族,singleplayer_02_03 部族,singleplayer_02_03
Goldmangies,Goldmangies,,,,,,,,,金曼吉斯人,,,,,,,,,,种族,singleplayer_02_03 部族,singleplayer_02_03
Graukimos,Greykimos,,,,,,,,,灰爱斯基摩人,,,,,,,,,,种族,weinachten_2002 部族,weinachten_2002
Gelbimos,Yellimos,,,,,,,,,黄爱斯基摩人,,,,,,,,,,种族,weinachten_2002 部族,weinachten_2002
Schwarzimos,Blackimos,,,,,,,,,黑爱斯基摩人,,,,,,,,,,种族,weinachten_2002 部族,weinachten_2002
Hüter,Keepers,,,,,,,,,守护者,,,,,,,,,,种族,神秘组织,singleplayer_02_03
Hüter des Wissens,Keepers of Knowledge,,,,,,,,,知识守护者,,,,,,,,,,种族,守护者分支,singleplayer_02_03
Beduinen,Bedouins,,,,,,,,,贝都因人,,,,,,,,,,种族,阿拉伯游牧民族,campaign_03_07
Inselvolk,Island People,,,,,,,,,岛民,,,,,,,,,,种族,campaign_03_08 部族,campaign_03_08
Dunkles Heer,Dark Army,,,,,,,,,暗黑军团,,,,,,,,,,军事,敌对势力,campaign_03_07
Räuber,Robbers,,,,,,,,,强盗,,,,,,,,,,军事,通用敌对单位,campaign_03_02; tutorial_007
Banditen,Brigands,,,,,,,,,匪徒,,,,,,,,,,军事,敌对单位,campaign_01_05
Wachen,Guards,,,,,,,,,守卫,,,,,,,,,,军事,通用单位,campaign_03_01_sub
Händler,Merchant,,,,,,,,,商人,,,,,,,,,,职业,贸易单位（剧情中）,campaign_03_05; singleplayer_03_03
Fährmann,Ferryman,,,,,,,,,渡船夫,,,,,,,,,,职业,渡船人,campaign_02_04; _campaign_04_01
Leuchtturm von Pharos,Pharos Lighthouse,,,,,,,,,法罗斯灯塔,,,,,,,,,,奇迹,世界奇迹1,campaign_03_01
Koloss von Rhodos,Colossus of Rhodes,,,,,,,,,罗德岛太阳神巨像,,,,,,,,,,奇迹,世界奇迹2,campaign_03_03
Hängende Gärten von Semiramis,Hanging Gardens of Semiramis,,,,,,,,,塞弥拉弥斯空中花园,,,,,,,,,,奇迹,世界奇迹3,campaign_03_02
Mausoleum,Mausoleum,,,,,,,,,摩索拉斯王陵,,,,,,,,,,奇迹,世界奇迹4,campaign_03_04
Tempel der Artemis,Temple of Artemis,,,,,,,,,阿尔忒弥斯神庙,,,,,,,,,,奇迹,世界奇迹5,campaign_03_05
Zeustatue des Phidias,Zeus Statue of Phidias,,,,,,,,,菲狄亚斯宙斯神像,,,,,,,,,,奇迹,世界奇迹6,campaign_03_06
Pyramiden von Gizeh,Pyramids of Giza,,,,,,,,,吉萨金字塔,,,,,,,,,,奇迹,世界奇迹7,campaign_03_07
Das achte Weltwunder,Eighth Wonder of the World,,,,,,,,,第八世界奇迹,,,,,,,,,,奇迹,世界奇迹8，游戏终极目标,campaign_03_08
Orakel,Oracle,,,,,,,,,神谕,,,,,,,,,,神话,神谕所/神谕者,campaign_03_03_sub3
Semiramis,Semiram,,,,,,,,,塞弥拉弥斯,,,,,,,,,,人名,传说中空中花园的建造者,campaign_03_02
Bjarnis Stamm,Bjarni's Tribe,,,,,,,,,比雅尼的部族,,,,,,,,,,种族,Bjarni的维京部族,campaign_01_02
Bjarnis Volk,Bjarni's People,,,,,,,,,比雅尼的子民,,,,,,,,,,种族,Bjarni的维京子民,singleplayer_01_04
Bjarnis Dorf,Bjarni's Village,,,,,,,,,比雅尼的村庄,,,,,,,,,,地名,Bjarni的村庄,campaign_01_03
Hatschis Dorf,Hatchie's Village,,,,,,,,,哈奇的村庄,,,,,,,,,,地名,Hatschi的村庄,campaign_02_01
Sigurds Festung,Sigurd's Fortress,,,,,,,,,西格德的要塞,,,,,,,,,,地名,Sigurd的要塞,campaign_02_03
Sigurds Burg,Sigurd's Castle,,,,,,,,,西格德的城堡,,,,,,,,,,地名,Sigurd的城堡,campaign_02_04
Königreich Thule,Kingdom of Thule,,,,,,,,,图勒王国,,,,,,,,,,地名,Thule王国,campaign_01_03
König Thule,King Thule,,,,,,,,,图勒国王,,,,,,,,,,人名,Thule国王,campaign_01_03
Meisterschmied Wieland,Wieland the Blacksmith,,,,,,,,,铁匠大师维兰,,,,,,,,,,人名,传奇铁匠Wieland,campaign_01_03
General Hardradi,General Hardradi,,,,,,,,,哈德拉迪将军,,,,,,,,,,人名,拜占庭将军,campaign_01_07
Ali Babas Bruder,Ali Baba's Brother,,,,,,,,,阿里巴巴的兄弟,,,,,,,,,,人名,campaign_01_08 角色,campaign_01_08
Ykol (Loki),Ykol (Loki),,,,,,,,,伊科尔（洛基）,,,,,,,,,,人名,Ykol的真实身份是Loki,campaign_02_08
Herostrates Erben,Herostrates' Heirs,,,,,,,,,希罗斯特拉特斯的继承者,,,,,,,,,,军事,纵火者组织,campaign_03_05; campaign_03_05_sub1
Miguels Freunde,Miguel's Friends,,,,,,,,,米格尔的朋友们,,,,,,,,,,军事,singleplayer_02_01-sub4,singleplayer_02_01-sub4
Miguels Stamm,Miguel's tribe,,,,,,,,,米格尔的部族,,,,,,,,,,种族,singleplayer_02_01,singleplayer_02_01
Anführer der Hüter,Keepers' Leader,,,,,,,,,守护者首领,,,,,,,,,,人名,守护者组织首领,singleplayer_02_03-sub1
Soldaten der Hüter,Keepers' Soldiers,,,,,,,,,守护者士兵,,,,,,,,,,军事,守护者士兵,singleplayer_02_03-sub1
Brückenwächter,Bridge Guard,,,,,,,,,桥卫,,,,,,,,,,军事,守桥人,campaign_01_05; campaign_01_07
Kopfgeldjäger,Bounty Hunter,,,,,,,,,赏金猎人,,,,,,,,,,军事,campaign_01_10,campaign_01_10
Sarazenen Dorf,Saracen Village,,,,,,,,,撒拉逊村庄,,,,,,,,,,地名,撒拉逊人村庄,campaign_01_10
Sarazenenheer,Saracen Army,,,,,,,,,撒拉逊军队,,,,,,,,,,军事,撒拉逊军队,singleplayer_01_10
Frankenprinzessin,Frankish Princess,,,,,,,,,法兰克公主,,,,,,,,,,人名,campaign_01_02 角色,campaign_01_02
Normannenprinz,Norman Prince,,,,,,,,,诺曼底王子,,,,,,,,,,人名,campaign_01_02 角色,campaign_01_02
Prinzessin,Princess,,,,,,,,,公主,,,,,,,,,,人名,通用公主,campaign_01_02-sub; campaign_01_05-sub
Prinz,Prince,,,,,,,,,王子,,,,,,,,,,人名,通用王子,campaign_01_02-sub
Frankenkönig,King of the Franks,,,,,,,,,法兰克国王,,,,,,,,,,人名,法兰克国王,singleplayer_01_09
König Mausolos,King Mausolos,,,,,,,,,毛索洛斯国王,,,,,,,,,,人名,哈利卡纳苏斯国王,campaign_03_04
Königin Artemisia,Queen Artemisia,,,,,,,,,阿耳忒弥西亚女王,,,,,,,,,,人名,毛索洛斯之妻,campaign_03_04
Häuptling,Chieftain,,,,,,,,,酋长,,,,,,,,,,人名,部落酋长,weinachten_2002
Häuptling Oasiens,Chieftain of Oasia,,,,,,,,,绿洲酋长,,,,,,,,,,人名,singleplayer_03_01,singleplayer_03_01
Der Hexer,The Sorcerer,,,,,,,,,巫师,,,,,,,,,,人名,singleplayer_01_08 角色,singleplayer_01_08
Der Druide,The Druid,,,,,,,,,德鲁伊,,,,,,,,,,人名,singleplayer_02_03 角色,singleplayer_02_03
Der General,The General,,,,,,,,,将军,,,,,,,,,,人名,campaign_03_05 角色,campaign_03_05
Tyrann,Tyrant,,,,,,,,,暴君,,,,,,,,,,人名,campaign_02_04 角色,campaign_02_04
Leibgarde,Bodyguard,,,,,,,,,贴身卫队,,,,,,,,,,军事,护卫,singleplayer_02_03-sub1
Kamelwache,Camel Guard,,,,,,,,,骆驼守卫,,,,,,,,,,军事,singleplayer_03_01,singleplayer_03_01
Erkundungstrupp,Scouts,,,,,,,,,侦察队,,,,,,,,,,军事,singleplayer_03_02,singleplayer_03_02
Wolfsrudel,Wolf Pack,,,,,,,,,狼群,,,,,,,,,,生物,野狼群,singleplayer_03_03
Bergdorf,Mountain Village,,,,,,,,,山地村,,,,,,,,,,地名,singleplayer_03_03,singleplayer_03_03
Bergfestung,Mountain Fortress,,,,,,,,,山间要塞,,,,,,,,,,地名,campaign_01_05,campaign_01_05
Verlassenes Dorf,Abandoned Village,,,,,,,,,废弃村庄,,,,,,,,,,地名,campaign_02_02,campaign_02_02
Außenposten Londons,London Outpost,,,,,,,,,伦敦前哨,,,,,,,,,,地名,campaign_01_03,campaign_01_03
Fenris Horden,Fenrir's Hordes,,,,,,,,,芬里尔的部落,,,,,,,,,,军事,芬里尔狼的爪牙,campaign_02_05
Loki's Geisterkrieger,Loki's Ghost Warriors,,,,,,,,,洛基的幽灵战士,,,,,,,,,,军事,Loki的幽灵战士,campaign_02_08
Drachensklaven,Dragon Slaves,,,,,,,,,龙奴,,,,,,,,,,军事,龙的奴隶,singleplayer_03_04
Piraten,Pirates,,,,,,,,,海盗,,,,,,,,,,军事,海盗,singleplayer_03_04
Grabräuber,Grave Robbers,,,,,,,,,盗墓贼,,,,,,,,,,军事,singleplayer_03_05,singleplayer_03_05
Wolfsmenschenführer,Wolf Leader,,,,,,,,,狼人首领,,,,,,,,,,人名,singleplayer_02_01-sub5,singleplayer_02_01-sub5
Kolonialisierung,Colonization,,,,,,,,,殖民化,,,,,,,,,,游戏术语,多人地图模式,multiplayer_105
Flagge erobern,Cap the Flag,,,,,,,,,夺旗,,,,,,,,,,游戏术语,多人地图模式,multiplayer_204; multiplayer_005
Kuh erobern,Cap the Cow,,,,,,,,,夺牛,,,,,,,,,,游戏术语,多人地图模式,multiplayer_004; multiplayer_205
Koop,Coop,,,,,,,,,合作,,,,,,,,,,游戏术语,多人合作模式,multiplayer_007; multiplayer_101
Odin,Odin,,,,,,,,,奥丁,,,,,,,,,,神话人物,北欧神话，众神之父,campaign_01_01
Eisriesen,Ice Giants,,,,,,,,,冰巨人,,,,,,,,,,神话生物,冰霜巨人族,campaign_01_01
Schicksalsschwestern,Fate Sisters,,,,,,,,,命运三姐妹,,,,,,,,,,神话称谓,诺恩三女神的别称,campaign_01_01
Odins Tafel,Odin's Table,,,,,,,,,奥丁的宴席,,,,,,,,,,神话概念,英灵殿中奥丁的盛宴,campaign_01_01
Normannen,Normans,,,,,,,,,诺曼人,,,,,,,,,,种族,定居诺曼底的北欧人后裔,campaign_01_02
St. Pierre,St. Pierre,,,,,,,,,圣皮埃尔,,,,,,,,,,地名,法兰克山谷和修道院,campaign_01_02
Informant,Informant,,,,,,,,,线人,,,,,,,,,,职业,提供情报的神秘人,campaign_01_02
Zauberschwert,Magic Sword,,,,,,,,,魔法剑,,,,,,,,,,物品,维兰锻造的神兵,campaign_01_03
Little John,Little John,,,,,,,,,小约翰,,,,,,,,,,人名,罗宾汉的副手,campaign_01_03
Sheriff von Nottingham,Sheriff of Nottingham,,,,,,,,,诺丁汉治安官,,,,,,,,,,人名,campaign_01_03 角色,campaign_01_03
Briten,Britons,,,,,,,,,不列颠人,,,,,,,,,,种族,不列颠岛居民,campaign_01_03
Müller,Miller,,,,,,,,,磨坊主,,,,,,,,,,职业,操作磨坊的工人,campaign_01_01
Bäcker,Baker,,,,,,,,,烘焙师,,,,,,,,,,职业,烘焙面包的工人,campaign_01_01
Zivilist,Civilian,,,,,,,,,平民,,,,,,,,,,职业,村庄中的平民居民,campaign_01_01
Tribut,Tribute,,,,,,,,,贡品,,,,,,,,,,物品,需缴纳的贡品/税负,campaign_01_01
Straße,Road,,,,,,,,,道路,,,,,,,,,,建筑,连接两地的道路,campaign_01_01
Haus,House,,,,,,,,,房屋,,,,,,,,,,建筑,村民居住的房屋,campaign_01_01
Bedürfnis,Need,,,,,,,,,需求,,,,,,,,,,概念,村民的自然需求（饮食/睡眠/娱乐）,campaign_01_01
Julia,Juliet,,,,,,,,,朱丽叶,,,,,,,,,,人名,法兰克公主，致敬罗密欧与朱丽叶,campaign_01_02
Romeo,Romeo,,,,,,,,,罗密欧,,,,,,,,,,人名,诺曼王子，致敬罗密欧与朱丽叶,campaign_01_02
Britannien,Brittany,,,,,,,,,不列颠,,,,,,,,,,地名,英国岛，campaign_01_02 航行目的地,campaign_01_02
Abtei,Abbey,,,,,,,,,修道院,,,,,,,,,,建筑,圣皮埃尔修道院,campaign_01_02
Töpfer,Potter,,,,,,,,,陶工,,,,,,,,,,职业,制作砖瓦陶器的工匠,campaign_01_02
Näher,Tailor,,,,,,,,,裁缝,,,,,,,,,,职业,制作鞋与皮甲的工匠,campaign_01_02
Viehzüchter,Stock Farmer,,,,,,,,,畜牧工,,,,,,,,,,职业,饲养牛羊的工匠,campaign_01_02
Plattenrüstung,Plate Armour,,,,,,,,,板甲,,,,,,,,,,物品,护甲,campaign_01_02
Handelsschiff,Merchant Ship,,,,,,,,,商船,,,,,,,,,,车辆,运输工具,campaign_01_02
Schriftrolle,Scroll,,,,,,,,,卷轴,,,,,,,,,,物品,开启建筑蓝图,campaign_01_02
Schmiede,Smithy,,,,,,,,,铁匠铺,,,,,,,,,,建筑,生产铁质工具武器,campaign_01_02
Schreinerei,Carpenter's Workshop,,,,,,,,,木工坊,,,,,,,,,,建筑,生产木质工具,campaign_01_02
Steinmetzhütte,Stonemason's Workshop,,,,,,,,,石匠坊,,,,,,,,,,建筑,生产石料,campaign_01_02
Töpferei,Pottery,,,,,,,,,陶艺坊,,,,,,,,,,建筑,生产砖瓦,campaign_01_02
Lehmabbauer,Clay-worker,,,,,,,,,采泥工,,,,,,,,,,职业,采集黏土,campaign_01_02
Erzabbauer,Ore Miner,,,,,,,,,矿工,,,,,,,,,,职业,采矿石,campaign_01_02
Holzabbauer,Woodcutter,,,,,,,,,伐木工,,,,,,,,,,职业,伐木,campaign_01_02
Jäger,Huntsman,,,,,,,,,猎人,,,,,,,,,,职业,狩猎与皮革,campaign_01_02
Viehzüchterei,Cattle Farm,,,,,,,,,畜牧场,,,,,,,,,,建筑,饲养牲畜,campaign_01_02
Lederrüstung,Leather Armour,,,,,,,,,皮甲,,,,,,,,,,物品,护甲,campaign_01_02
Öl,Oil,,,,,,,,,油,,,,,,,,,,物品,精油/食用油,campaign_01_03
Sherwood,Sherwood,,,,,,,,,舍伍德,,,,,,,,,,地点,舍伍德森林，罗宾汉活动地,campaign_01_03
Brite,Briton,,,,,,,,,不列颠人,,,,,,,,,,阵营,不列颠原住民,campaign_01_03
Alben,Alf,,,,,,,,,精灵,,,,,,,,,,神话人物,北欧神话中的精灵/侏儒族,campaign_01_03
Erzbischof,Archbishop,,,,,,,,,大主教,,,,,,,,,,职业,教会高阶教职,campaign_01_03
Robin,Robin,,,,,,,,,罗宾,,,,,,,,,,人名,罗宾汉之名,campaign_01_03
Benevent,Benevent,,,,,,,,,贝内文托,,,,,,,,,,地点,意大利城市,campaign_01_04
Napoli,Naples,,,,,,,,,那不勒斯,,,,,,,,,,地点,意大利城市,campaign_01_04
Roma,Rome,,,,,,,,,罗马,,,,,,,,,,地点,意大利城市,campaign_01_04
Gibraltar,Gibraltar,,,,,,,,,直布罗陀,,,,,,,,,,地点,直布罗陀海峡,campaign_01_04
Waräger,,,,,,,,,,瓦良格,,,,,,,,,,种族,,
Kaiser,,,,,,,,,,皇帝,,,,,,,,,,官职,,
General,,,,,,,,,,将军,,,,,,,,,,官职,,
Imperator,,,,,,,,,,君主,,,,,,,,,,官职,,
Hardradis Soldaten,,,,,,,,,,哈尔德拉迪的士兵,,,,,,,,,,军事,,
Flüchtlinge,,,,,,,,,,难民,,,,,,,,,,称谓,,
Tante,,,,,,,,,,姑母,,,,,,,,,,称谓,,
Cäsaren,,,,,,,,,,恺撒,,,,,,,,,,人名,,
Allah,,,,,,,,,,安拉,,,,,,,,,,宗教,,
Sesambrötchen,,,,,,,,,,芝麻开门,,,,,,,,,,神话,,
Felsengarten,,,,,,,,,,岩石花园,,,,,,,,,,建筑,,
Lampengeist,,,,,,,,,,灯神,,,,,,,,,,神话,,
Oase,,,,,,,,,,绿洲,,,,,,,,,,地名,,
Basar,,,,,,,,,,集市,,,,,,,,,,建筑,,
Universität,,,,,,,,,,学府,,,,,,,,,,建筑,,
Harun,,,,,,,,,,哈伦,,,,,,,,,,人名,,
Kalif,,,,,,,,,,哈里发,,,,,,,,,,官职,,
Karawane,,,,,,,,,,商队,,,,,,,,,,通用,,
Waffenstillstand,,,,,,,,,,停战,,,,,,,,,,抽象,,
Kreuzfahrer,,,,,,,,,,十字军,,,,,,,,,,军事,,
Sirenen,,,,,,,,,,塞壬,,,,,,,,,,神话,,
Golamedis,,,,,,,,,,戈拉梅迪司,,,,,,,,,,人名,,
Kismet,,,,,,,,,,定数,,,,,,,,,,抽象,,
Wielands Zauberschwert,,,,,,,,,,维兰的魔法剑,,,,,,,,,,物品,,
Tigris,,,,,,,,,,底格里斯,,,,,,,,,,地名,,
Dieb,,,,,,,,,,盗贼,,,,,,,,,,职业,,
Volksfront,,,,,,,,,,人民阵线,,,,,,,,,,组织,,
Jormungander,,,,,,,,,,耶梦加得,,,,,,,,,,神话,,
Pesthauch,,,,,,,,,,瘟疫之息,,,,,,,,,,抽象,,
Schlangenplage,snake plague,,,,,,,,,蛇灾,,,,,,,,,,灾害,阿拉伯地区的蛇群灾害,campaign_02_01
Schlangenwesen,snake creatures,,,,,,,,,蛇形生物,,,,,,,,,,生物,神秘的蛇类生物,campaign_02_01
Schlangenbiester,snake beasts,,,,,,,,,蛇怪,,,,,,,,,,生物,凶暴的蛇形野兽,campaign_02_01
Schlangenkreaturen,snake creatures,,,,,,,,,蛇怪生物,,,,,,,,,,生物,迫使村民逃离的蛇形生物,campaign_02_01
Schlangenbrut,snake brood,,,,,,,,,蛇裔,,,,,,,,,,生物,被击退但未灭绝的蛇族后代,campaign_02_01
Goldberg,Goldberg,,,,,,,,,金山,,,,,,,,,,地名,南方强大的金矿山地,campaign_02_01
Goldbrocken,gold nuggets,,,,,,,,,金块,,,,,,,,,,物品,可交付的黄金矿石,campaign_02_01
Wachtürme,defence towers,,,,,,,,,哨塔,,,,,,,,,,建筑,设弓箭手的哨塔,campaign_02_01
Langbogenschützen,longbow archers,,,,,,,,,长弓手,,,,,,,,,,军事,拜占庭弩手兵种,campaign_02_01
Sippe,clan,,,,,,,,,氏族,,,,,,,,,,社会组织,比雅尼所属的家族氏族,campaign_02_01
Leif,Leif,,,,,,,,,莱夫,,,,,,,,,,人名,比雅尼之父,campaign_02_01
Schumsali,Schumsali,,,,,,,,,舒姆萨利,,,,,,,,,,地名,北方山后的神秘地穴所在地,campaign_02_02
Katakomben,catacombs,,,,,,,,,地下墓穴,,,,,,,,,,建筑,神秘地下墓穴建筑,campaign_02_02
Hungersnot,famine,,,,,,,,,饥荒,,,,,,,,,,灾害,蛇灾引发的粮食危机,campaign_02_02
Flaschengeist,bottle spirit,,,,,,,,,神灯精灵,,,,,,,,,,神话,瓶中精灵，助主角除灾,campaign_02_02
Herz des Odin,Heart of Odin,,,,,,,,,奥丁之心,,,,,,,,,,物品,奥丁护符，比雅尼赠希拉,campaign_02_02
Gewölbe,vault,,,,,,,,,地穴,,,,,,,,,,建筑,舒姆萨利地穴，藏有神灵,campaign_02_02
Talenge,Talenge,,,,,,,,,峡谷隘口,,,,,,,,,,地名,分隔道路的狭长山谷,campaign_02_02
Labyrinth,Labyrinth,,,,,,,,,迷宫,,,,,,,,,,地名,迷宫般的地带,campaign_02_02
Wegweiser,signpost,,,,,,,,,路标,,,,,,,,,,物品,侦察兵建造的指引物,campaign_02_02
Aladin,Aladin,,,,,,,,,阿拉丁,,,,,,,,,,人名,童话人物，三个愿望谜题引用,campaign_02_02-sub
Fata Morgana,Fata Morgana,,,,,,,,,海市蜃楼,,,,,,,,,,自然,沙漠中的光学幻象,campaign_02_02-sub
Schneehase,snow hare,,,,,,,,,雪兔,,,,,,,,,,生物,谜题错误选项,campaign_02_02-sub
Quastenflosser,coelacanth,,,,,,,,,腔棘鱼,,,,,,,,,,生物,谜题错误选项,campaign_02_02-sub
Schalter,switch,,,,,,,,,开关,,,,,,,,,,物品,地穴中的谜题机关,campaign_02_02-sub
Türmechanismen,door mechanisms,,,,,,,,,机关门,,,,,,,,,,建筑,困住蛇族的机关,campaign_02_02-sub
Futterstelle,feeding place,,,,,,,,,投喂点,,,,,,,,,,物品,诱捕狼群的喂食处,campaign_02_03
Bodengruben,pit traps,,,,,,,,,陷阱坑,,,,,,,,,,建筑,藏匿的捕狼陷阱,campaign_02_03
Eisenspeerträger,iron spearmen,,,,,,,,,铁矛兵,,,,,,,,,,军事,拜占庭重装兵种,campaign_02_03
Kurzschwertkämpfer,shortsword fighters,,,,,,,,,短剑士,,,,,,,,,,军事,拜占庭近战兵种,campaign_02_03
Hafenstädtchen,Port,,,,,,,,,港口小镇,,,,,,,,,,地名,法兰克人小港口,campaign_02_03
Massiv,Massiv,,,,,,,,,山岩,,,,,,,,,,地名,西部山体,campaign_02_03
Talsenke,Talsenke,,,,,,,,,谷地,,,,,,,,,,地名,山岩中的低洼地,campaign_02_03
Fenriskette,Fenrir's Chain,,,,,,,,,芬里尔链,,,,,,,,,,物品,束缚芬里尔狼的魔法锁链,campaign_02_04
Ingredienz,ingredient,,,,,,,,,原料,,,,,,,,,,物品,锻造锁链所需的魔法成分,campaign_02_04
Schwerter der Könige,Swords of the Kings,,,,,,,,,王者之剑,,,,,,,,,,物品,三王之剑，锁链基石,campaign_02_04
Druiden,Druiden,,,,,,,,,德鲁伊,,,,,,,,,,种族,灰袍德鲁伊，祝圣者,campaign_02_04
Ketten schmieden,forge chains,,,,,,,,,锻造锁链,,,,,,,,,,动作,用王者之剑锻造芬里尔链,campaign_02_04
weihen,consecrate,,,,,,,,,祝圣,,,,,,,,,,动作,为锁链赋予魔力,campaign_02_04
Kräuter,herbs,,,,,,,,,草药,,,,,,,,,,物品,修道院福祉贡品,campaign_02_04
Münzen,coins,,,,,,,,,硬币,,,,,,,,,,物品,货币单位,campaign_02_04
Strudel,whirlpool,,,,,,,,,漩涡,,,,,,,,,,自然,湖心大漩涡,campaign_02_04
Gruft,tomb,,,,,,,,,墓室,,,,,,,,,,建筑,地下墓穴中的墓室,campaign_02_04-sub1
Schließmechanismen,locking mechanisms,,,,,,,,,闭锁机关,,,,,,,,,,建筑,墓穴门扉的锁定机制,campaign_02_04-sub1
Buchten,Buchten,,,,,,,,,小湾,,,,,,,,,,地名,墓穴中的水湾,campaign_02_04-sub1
Insel der Schweigsamen,Island of the Silent Ones,,,,,,,,,寂静之岛,,,,,,,,,,地名,独角兽所在的谜题岛,campaign_02_04-sub2
Snoori Sturlarson,Snoori Sturlarson,,,,,,,,,斯努里·斯图拉松,,,,,,,,,,人名,谜题干扰项,campaign_02_04-sub2
Erick Gunnarson,Erick Gunnarson,,,,,,,,,埃里克·贡纳松,,,,,,,,,,人名,谜题干扰项,campaign_02_04-sub2
Leif Erickson,Leif Erickson,,,,,,,,,莱夫·埃里克松,,,,,,,,,,人名,比雅尼之父（谜题答案）,campaign_02_04-sub2
Böse Wolf,Big Bad Wolf,,,,,,,,,恶狼,,,,,,,,,,神话,童话中的大恶狼,campaign_02_04-sub2
Geißlein,little goats,,,,,,,,,小羊,,,,,,,,,,生物,童话中的小山羊,campaign_02_04-sub2
Wüstenschiff,ship of the desert,,,,,,,,,沙漠之舟,,,,,,,,,,物品,骆驼的别称,campaign_02_04-sub2
Beduinenschaukler,Bedouin rocker,,,,,,,,,贝都因摇床,,,,,,,,,,物品,谜题干扰项,campaign_02_04-sub2
Fladenscheißer,flatbread pooper,,,,,,,,,饼屎客,,,,,,,,,,物品,谜题干扰项（诙谐）,campaign_02_04-sub2
Fenrishorden,Fenrir's Hordes,,,,,,,,,芬里尔部众,,,,,,,,,,生物,芬里尔狼率领的狼群,campaign_02_05
Langschwertträger,longsword fighters,,,,,,,,,长剑士,,,,,,,,,,军事,法兰克重装兵种,campaign_02_05
Tränke,healing potions,,,,,,,,,药剂,,,,,,,,,,物品,增益药水,campaign_02_05
Amuletten,amulets,,,,,,,,,护符,,,,,,,,,,物品,魔法护身符,campaign_02_05
Sümpfe,swamps,,,,,,,,,沼泽,,,,,,,,,,地名,狼群盘踞的湿地,campaign_02_05
Aura,Aura,,,,,,,,,光环,,,,,,,,,,神话,芬里尔狼周围的魔法光环,campaign_02_05
Weltenesche,World Ash,,,,,,,,,世界树,,,,,,,,,,神话,北欧宇宙树（同 Yggdrasil）,campaign_02_06
Yggdrasils Orden,Order of Yggdrasil,,,,,,,,,尤克特拉希尔之序,,,,,,,,,,组织,守护世界树的教团,campaign_02_06
Unterwelt,underworld,,,,,,,,,冥界,,,,,,,,,,神话,死亡国度入口,campaign_02_06
Asen,Aesir,,,,,,,,,阿萨神族,,,,,,,,,,神话,北欧神话，以奥丁为首的神族,campaign_02_07-sub
Eiswelt,Eiswelt,,,,,,,,,冰世界,,,,,,,,,,地名,北欧神话，阿斯加德中被冰封的世界,campaign_02_07-sub
Wyonäzer,Wyonäzer,,,,,,,,,维奥纳泽,,,,,,,,,,神话,北欧神话，酿造冰饮的矮人族,campaign_02_08
Freya,Freya,,,,,,,,,弗蕾亚,,,,,,,,,,神话人物,北欧神话，爱与战争女神,campaign_02_08
Baldur,Baldur,,,,,,,,,巴德尔,,,,,,,,,,神话人物,北欧神话，光明与治愈之神，奥丁之子,campaign_02_08
Thor,Thor,,,,,,,,,托尔,,,,,,,,,,神话人物,北欧神话，雷神，保护之力显于雷电,campaign_02_08
Frigg,Frigg,,,,,,,,,弗丽嘉,,,,,,,,,,神话人物,北欧神话，奥丁之妻，爱之女神,campaign_02_08
Njörd,Njord,,,,,,,,,尼奥尔德,,,,,,,,,,神话人物,北欧神话，风与海之神,campaign_02_08
Eiskrieger,ice warriors,,,,,,,,,冰战士,,,,,,,,,,军事,冰之神明赐予的勇猛战士,campaign_02_08
Hel,Hel,,,,,,,,,海尔,,,,,,,,,,神话人物,北欧神话，死亡女神，海尔之国的统治者,campaign_02_08
Vagabunden,Vagabonds,,,,,,,,,流浪者,,,,,,,,,,种族,盘踞山中、劫持建筑师的流浪匪帮,campaign_03_01
Architekt,Architect,,,,,,,,,建筑师,,,,,,,,,,职业,建造世界奇迹的工匠,campaign_03_01
Weltwunder,Wonder of the World,,,,,,,,,世界奇迹,,,,,,,,,,概念,古代世界七大奇迹，重建以驱散黑暗,campaign_03_01
Obelisk,Obelisk,,,,,,,,,方尖碑,,,,,,,,,,建筑,环绕魔法传送场的高大石柱,campaign_03_01
heiliges Feuer,Holy Fire,,,,,,,,,圣火,,,,,,,,,,物品,法罗斯灯塔顶端所需的神圣之火,campaign_03_01
Leuchtturm,Lighthouse,,,,,,,,,灯塔,,,,,,,,,,建筑,法罗斯灯塔，世界奇迹之一,campaign_03_01
Nil,Nile,,,,,,,,,尼罗河,,,,,,,,,,地名,埃及母亲河,campaign_03_01
Byzantiner,Byzantines,,,,,,,,,拜占庭人,,,,,,,,,,种族,守卫吉萨金字塔的族群,campaign_03_01
Ägypter,Egyptians,,,,,,,,,埃及人,,,,,,,,,,种族,守卫吉萨金字塔的族群,campaign_03_01
Drachenfutter,Dragon Feed,,,,,,,,,龙饲料,,,,,,,,,,物品,流浪者豢养巨龙所需的口粮,campaign_03_01
Sostratos Vater,Sostratos' Father,,,,,,,,,索斯特拉托斯之父,,,,,,,,,,角色,同为建筑师，悬赏寻子,campaign_03_01
Bergvolkarbeiter,Mountain Tribe Worker,,,,,,,,,山地部族矿工,,,,,,,,,,角色,圣火矿井中的山地部族劳工,campaign_03_01_sub
Euphrat,Euphrates,,,,,,,,,幼发拉底河,,,,,,,,,,地名,古河床，新聚落所在地,campaign_03_02
Nebukadnezar,Nebuchadnezzar,,,,,,,,,尼布甲尼撒,,,,,,,,,,人名,巴比伦王，为王后建空中花园,campaign_03_02
Hirtenvolk,Herdsmen,,,,,,,,,牧民部族,,,,,,,,,,种族,沙漠中安分的牧民,campaign_03_02
Helios,Helios,,,,,,,,,赫利俄斯,,,,,,,,,,神话,太阳神，巨像敬奉对象,campaign_03_03
Poseidon,Poseidon,,,,,,,,,波塞冬,,,,,,,,,,神话,海神，制造迷雾,campaign_03_03
Bakshish,Bakshish,,,,,,,,,巴克希什,,,,,,,,,,人名,沙漠商人,campaign_03_03
Chronos,Chronos,,,,,,,,,克洛诺斯,,,,,,,,,,人名,武器商岛主,campaign_03_03
Oxos,Oxos,,,,,,,,,奥克索斯,,,,,,,,,,人名,手推车商人,campaign_03_03
Oxidos,Oxidos,,,,,,,,,奥克西多斯,,,,,,,,,,地名,罗德附近小岛,campaign_03_03
Ägäis,Aegean,,,,,,,,,爱琴海,,,,,,,,,,地名,地中海海域,campaign_03_03
Goldbarren,Gold Bar,,,,,,,,,金条,,,,,,,,,,物品,贵重建材/贡品,campaign_03_03
Circe,Circe,,,,,,,,,喀耳刻,,,,,,,,,,神话,女巫，太阳神赫利俄斯之女,campaign_03_03_sub3
Perse,Perse,,,,,,,,,珀耳塞,,,,,,,,,,神话,月神，喀耳刻之母,campaign_03_03_sub3
Pyramiden,pyramids,,,,,,,,,金字塔,,,,,,,,,,建筑,古埃及帝王陵墓,campaign_03_07
Tal der Könige,Valley of the Kings,,,,,,,,,国王谷,,,,,,,,,,地名,帝王陵墓群,campaign_03_07
Pharao,pharaoh,,,,,,,,,法老,,,,,,,,,,身份,古埃及君王,campaign_03_07
Cheops,Cheops,,,,,,,,,胡夫,,,,,,,,,,人名,第四王朝法老，大金字塔建造者,campaign_03_07
Chepren,Chepren,,,,,,,,,哈夫拉,,,,,,,,,,人名,第四王朝法老，第二金字塔建造者,campaign_03_07
Mykerinos,Mykerinos,,,,,,,,,门卡拉,,,,,,,,,,人名,第四王朝法老，第三金字塔建造者,campaign_03_07
Magier,mage,,,,,,,,,魔法师,,,,,,,,,,身份,调制昏睡汤药的术士,campaign_03_07
Moorvolk,swamp tribe,,,,,,,,,沼泽部族,,,,,,,,,,部族,居岛之沼泽智者，藏神庙圣物,campaign_03_08
Napalianer,,,,,,,,,,纳帕利亚人,,,,,,,,,,种族,纳帕利亚民族（Napalianer/Nabalianer/Kabalianer 异拼统一）,_campaign_04
Nabalianer,,,,,,,,,,纳帕利亚人,,,,,,,,,,种族,纳帕利亚民族异拼（同 Napalianer）,_campaign_04
Kabalianer,,,,,,,,,,纳帕利亚人,,,,,,,,,,种族,纳帕利亚民族异拼（同 Napalianer）,_campaign_04
Mädchen,,,,,,,,,,女孩,,,,,,,,,,通用,女孩,_campaign_04
Junge,,,,,,,,,,男孩,,,,,,,,,,通用,男孩,_campaign_04
Erdrache,,,,,,,,,,地龙,,,,,,,,,,生物,地龙（Earth Dragon）,_campaign_04_05
Torumannen,,,,,,,,,,托鲁曼人,,,,,,,,,,种族,托鲁曼民族,_campaign_04
Waldhüter,,,,,,,,,,森林守护者,,,,,,,,,,种族,森林守护者,_campaign_04
Borkenzahn,,,,,,,,,,博肯扎恩,,,,,,,,,,人名,森林守护者角色,_campaign_04
Weidentreu,,,,,,,,,,韦登特罗伊,,,,,,,,,,人名,森林守护者角色,_campaign_04
Rapslieschen,,,,,,,,,,拉普斯丽申,,,,,,,,,,人名,森林守护者角色,_campaign_04
Guckfix,,,,,,,,,,古克菲克斯,,,,,,,,,,人名,角色名,_campaign_04
Dunkeldrachen,,,,,,,,,,暗龙,,,,,,,,,,生物,暗龙,_campaign_04
Sümpfe des Vergessens,,,,,,,,,,遗忘沼泽,,,,,,,,,,地名,遗忘沼泽,_campaign_04
zappendustere Höhle,,,,,,,,,,幽暗洞穴,,,,,,,,,,地名,幽暗洞穴,_campaign_04
Wachtränke,,,,,,,,,,守夜药剂,,,,,,,,,,物品,守夜药剂（消耗品）,_campaign_04
Feuerkristall,,,,,,,,,,火水晶,,,,,,,,,,物品,火水晶,_campaign_04
Regenbogenraum,,,,,,,,,,彩虹之厅,,,,,,,,,,地名,彩虹之厅,_campaign_04
Waldtempelwächter,,,,,,,,,,森林神庙守卫,,,,,,,,,,职业,森林神庙守卫,_campaign_04
Waldposten,,,,,,,,,,森林哨站,,,,,,,,,,地名,森林哨站,_campaign_04
Palmenhain,,,,,,,,,,棕榈林,,,,,,,,,,地名,棕榈林,_campaign_04
Giftdrachen,,,,,,,,,,毒龙,,,,,,,,,,生物,毒龙,_campaign_04
Teleporter,,,,,,,,,,传送装置,,,,,,,,,,物品,传送装置,_campaign_04
Nixe,,,,,,,,,,尼刻斯,,,,,,,,,,生物,水妖/宁芙,_campaign_04
Welle,,,,,,,,,,薇蕾,,,,,,,,,,人名,角色名（水相关）,_campaign_04
Kerker,,,,,,,,,,地牢,,,,,,,,,,地名,地牢,_campaign_04
Friedhof,,,,,,,,,,墓地,,,,,,,,,,地名,墓地,_campaign_04
Gulp,,,,,,,,,,古尔普,,,,,,,,,,人名,角色名,_campaign_04
Wasserfälle,,,,,,,,,,瀑布,,,,,,,,,,地名,瀑布,_campaign_04
Wasserkraftwerk,,,,,,,,,,水力发电站,,,,,,,,,,建筑,水力发电站,_campaign_04
orangene Drachen,,,,,,,,,,橙色龙,,,,,,,,,,生物,橙色龙,_campaign_04
Brieftauben,,,,,,,,,,信鸽,,,,,,,,,,生物,信鸽,_campaign_04
Babul,,,,,,,,,,巴布尔,,,,,,,,,,人名,角色名,_campaign_04
Obeliskenkreis,,,,,,,,,,方尖碑圈,,,,,,,,,,地名,方尖碑圈,_campaign_04
Unsichtbarkeitstrank,,,,,,,,,,隐形药剂,,,,,,,,,,物品,隐形药剂,_campaign_04
Sprudel,,,,,,,,,,斯普鲁德尔,,,,,,,,,,人名,角色名（水相关）,_campaign_04
Plünderer,,,,,,,,,,劫掠者,,,,,,,,,,通用,劫掠者（Trupp Plünderer 指劫掠者队伍）,campaign_01_02-sub
Priester,,,,,,,,,,牧师,,,,,,,,,,职业,牧师/神父,campaign_01_02-sub
FREIE WELT,,,,,,,,,,自由世界,,,,,,,,,,模式,自由世界/沙盒模式（Freie Welt）,singleplayer_01_01
Oberkircher,,,,,,,,,,奥伯基尔希,,,,,,,,,,人名,家族/派系名（Oberkirch 音译）,singleplayer_01_01
Mülheimer,,,,,,,,,,米尔海姆人,,,,,,,,,,人名,家族/派系名（Mülheim 居民，米尔海姆人）,singleplayer_01_01
Ratinger,,,,,,,,,,拉廷根,,,,,,,,,,人名,家族/派系名（Ratingen 音译）,singleplayer_01_01
Rheinländer,,,,,,,,,,莱茵兰人,,,,,,,,,,人名,家族/派系名（Rheinland 居民，莱茵兰人）,singleplayer_01_01
Rheinlaender,,,,,,,,,,莱茵兰人,,,,,,,,,,人名,家族/派系名异拼（同 Rheinländer）,singleplayer_01_01
INSELREICH,,,,,,,,,,岛屿王国,,,,,,,,,,模式,岛屿王国（Inselreich，沙盒/挑战模式）,singleplayer_01_06
Inselkönig,,,,,,,,,,岛王,,,,,,,,,,人名,岛屿王国中的君主（Inselkönig）,singleplayer_01_06
Königskinder,,,,,,,,,,王室子孙,,,,,,,,,,人名,王室子孙/国王子女,singleplayer_01_06
Friedensvertrag,,,,,,,,,,和平条约,,,,,,,,,,物品,和平条约（任务目标）,singleplayer_01_07
Schwertkämpfer,,,,,,,,,,剑士,,,,,,,,,,军事,剑士单位,singleplayer_01_07
Bogenschütze,,,,,,,,,,弓箭手,,,,,,,,,,军事,弓箭手单位,singleplayer_01_07
Speerträger,,,,,,,,,,矛兵,,,,,,,,,,军事,矛兵单位,singleplayer_01_07
Friedenszahlung,,,,,,,,,,和平贡金,,,,,,,,,,物品,和平贡金（任务奖励）,singleplayer_01_07
Freundschaftszahlung,,,,,,,,,,友谊贡金,,,,,,,,,,物品,友谊贡金（任务奖励）,singleplayer_01_07
Sklaven,,,,,,,,,,奴隶,,,,,,,,,,人物,奴隶,singleplayer_01_07
Außenposten,,,,,,,,,,前哨站,,,,,,,,,,地名,前哨站,singleplayer_01_07
DIE REBELLION,,,,,,,,,,叛乱,,,,,,,,,,专有名词,地图名 THE REBELLION,singleplayer_01_07
Landsleute,,,,,,,,,,同胞,,,,,,,,,,称谓,同胞／同乡,singleplayer_01_07
Söldner,,,,,,,,,,雇佣兵,,,,,,,,,,军事,雇佣兵,singleplayer_01_07
Goldminen,,,,,,,,,,金矿,,,,,,,,,,地名,金矿,singleplayer_01_07
Schreckensherrschaft,,,,,,,,,,恐怖统治,,,,,,,,,,专有名词,恐怖统治,singleplayer_01_07
Stadthalter,,,,,,,,,,总督,,,,,,,,,,官职,法兰克地方总督,singleplayer_01_07
Rebellen,,,,,,,,,,叛军,,,,,,,,,,军事,叛军,singleplayer_01_07
Friedensbotschaft,,,,,,,,,,和平书信,,,,,,,,,,物品,和平书信（任务目标）,singleplayer_01_07
Hexer,,,,,,,,,,巫师,,,,,,,,,,人名,巫师（地图角色 The Sorcerer）,singleplayer_01_08
DIE INSEL DER TOTEN,,,,,,,,,,亡者之岛,,,,,,,,,,专有名词,地图名 THE ISLE OF THE DEAD,singleplayer_01_08
Grabwächter,,,,,,,,,,守墓人,,,,,,,,,,军事,守墓人,singleplayer_01_08
Fluch,,,,,,,,,,诅咒,,,,,,,,,,专有名词,诅咒（岛屿的诅咒）,singleplayer_01_08
Ahnen,,,,,,,,,,祖先,,,,,,,,,,称谓,祖先／先祖,singleplayer_01_08
Steinkreis,,,,,,,,,,石环,,,,,,,,,,建筑,石环（远古陵墓标记）,singleplayer_01_08
Grab,,,,,,,,,,陵墓,,,,,,,,,,建筑,陵墓／坟墓,singleplayer_01_08
Ruinen,,,,,,,,,,废墟,,,,,,,,,,地名,废墟,singleplayer_01_08
Geister,,,,,,,,,,亡魂,,,,,,,,,,专有名词,亡魂／亡者之灵,singleplayer_01_08
Ehre,,,,,,,,,,敬意,,,,,,,,,,抽象,敬意／致意,singleplayer_01_08
Toter,,,,,,,,,,亡者,,,,,,,,,,称谓,亡者／逝者,singleplayer_01_08
Unachtsamkeit,,,,,,,,,,疏忽,,,,,,,,,,抽象,疏忽／粗心,singleplayer_01_08
König,,,,,,,,,,国王,,,,,,,,,,人名,国王,singleplayer_01_08
Wolfsjagd,,,,,,,,,,猎狼行动,,,,,,,,,,专有名词,猎狼行动（年度狩猎活动）,singleplayer_01_09
Jagd,,,,,,,,,,狩猎,,,,,,,,,,专有名词,狩猎／打猎,singleplayer_01_09
Ehrentitel,,,,,,,,,,荣誉称号,,,,,,,,,,专有名词,荣誉称号,singleplayer_01_09
Titel,,,,,,,,,,头衔,,,,,,,,,,专有名词,头衔／称号,singleplayer_01_09
Wettstreit,,,,,,,,,,较量,,,,,,,,,,抽象,较量／竞争,singleplayer_01_09
Verwicklungen,,,,,,,,,,纠葛,,,,,,,,,,抽象,（外交）纠葛／纷争,singleplayer_01_09
Stamm,,,,,,,,,,部族,,,,,,,,,,社会组织,部族／部落,singleplayer_01_09
Hauptstadt,,,,,,,,,,首都,,,,,,,,,,地名,首都／王城,singleplayer_01_09
Viehställe,,,,,,,,,,牲畜棚,,,,,,,,,,建筑,牲畜棚／畜栏,singleplayer_01_09
Abgaben,,,,,,,,,,赋税,,,,,,,,,,抽象,赋税／捐税,singleplayer_01_09
Konkurrenz,,,,,,,,,,竞争对手,,,,,,,,,,称谓,竞争对手／竞争者,singleplayer_01_09
Gerüchte,,,,,,,,,,风声,,,,,,,,,,抽象,风声／谣言,singleplayer_01_09
Angriff,,,,,,,,,,突袭,,,,,,,,,,军事,突袭／攻击,singleplayer_01_09
Sieg,,,,,,,,,,胜利,,,,,,,,,,抽象,胜利,singleplayer_01_09
Untertanen,,,,,,,,,,臣民,,,,,,,,,,称谓,臣民／百姓,singleplayer_01_09
Zeremonie,,,,,,,,,,典礼,,,,,,,,,,专有名词,典礼／仪式,singleplayer_01_09
Fest,,,,,,,,,,宴会,,,,,,,,,,通用,宴会／庆典,singleplayer_01_09
Geschenke,,,,,,,,,,礼物,,,,,,,,,,物品,礼物／礼品,singleplayer_01_09
Dorf,,,,,,,,,,村庄,,,,,,,,,,地名,村庄／村落,singleplayer_01_09
Fluss,,,,,,,,,,河,,,,,,,,,,地名,河流／河,singleplayer_01_09
Pomp,,,,,,,,,,排场,,,,,,,,,,抽象,排场／盛况,singleplayer_01_09
hinterhältig,,,,,,,,,,阴险,,,,,,,,,,抽象,阴险／卑鄙,singleplayer_01_09
König der Jagd,,,,,,,,,,狩猎之王,,,,,,,,,,专有名词,狩猎之王（年度狩猎称号）,singleplayer_01_09
Wikingerstämme,,,,,,,,,,维京部族,,,,,,,,,,社会组织,维京部族,multiplayer_batch
Grönländer,,,,,,,,,,格陵兰人,,,,,,,,,,种族,格陵兰人（部落名）,multiplayer_batch
Vinländer,,,,,,,,,,文兰人,,,,,,,,,,种族,文兰人（部落名）,multiplayer_batch
Wirtschaft,,,,,,,,,,经济,,,,,,,,,,专有名词,经济（地图类型）,multiplayer_batch
Diplomatie,,,,,,,,,,外交,,,,,,,,,,抽象,外交,multiplayer_batch
Handel,,,,,,,,,,贸易,,,,,,,,,,抽象,贸易,multiplayer_batch
Rohstoffe,,,,,,,,,,资源,,,,,,,,,,抽象,资源／原料,multiplayer_batch
Lager,,,,,,,,,,仓库,,,,,,,,,,建筑,仓库,multiplayer_batch
Schätze,,,,,,,,,,宝藏,,,,,,,,,,物品,宝藏／珍宝,multiplayer_batch
Siedlung,,,,,,,,,,聚落,,,,,,,,,,建筑,聚落／定居点,multiplayer_batch
Inselstämme,,,,,,,,,,岛上部族,,,,,,,,,,社会组织,岛上部族,multiplayer_batch
Herrschaft,,,,,,,,,,统治权,,,,,,,,,,抽象,统治权／霸权,multiplayer_batch
Vulkaninsel,,,,,,,,,,火山岛,,,,,,,,,,地名,火山岛,multiplayer_batch
Feuerflammen,,,,,,,,,,火舌,,,,,,,,,,自然,火山火舌,multiplayer_batch
Bergmassiv,,,,,,,,,,山脉,,,,,,,,,,地名,山脉,multiplayer_batch
Höhle,,,,,,,,,,洞穴,,,,,,,,,,建筑,洞穴,multiplayer_batch
Winter,,,,,,,,,,寒冬,,,,,,,,,,自然,寒冬／冬季,multiplayer_batch
Einbruch,,,,,,,,,,降临,,,,,,,,,,抽象,降临（冬季降临）,multiplayer_batch
Vorherrschaft,,,,,,,,,,霸权,,,,,,,,,,抽象,霸权／统治,multiplayer_batch
Stämme,,,,,,,,,,部族,,,,,,,,,,社会组织,部族（复数）,multiplayer_batch
Tributzahlungen,,,,,,,,,,贡金,,,,,,,,,,物品,贡金／赎金,multiplayer_batch
Hauptquartiersflagge,,,,,,,,,,主基地旗帜,,,,,,,,,,专有名词,主基地旗帜,multiplayer_batch
Inselflagge,,,,,,,,,,岛屿旗帜,,,,,,,,,,专有名词,岛屿旗帜,multiplayer_batch
Nachbarinsel,,,,,,,,,,邻岛,,,,,,,,,,地名,邻岛,multiplayer_batch
Ausgeschieden,,,,,,,,,,出局,,,,,,,,,,抽象,出局／淘汰,multiplayer_batch
Kartenmitte,,,,,,,,,,地图中央,,,,,,,,,,地名,地图中央,multiplayer_batch
Wettjagen,,,,,,,,,,赛跑,,,,,,,,,,抽象,大赛跑／竞赛,multiplayer_batch
Federvieh,,,,,,,,,,家禽,,,,,,,,,,动物,家禽,multiplayer_batch
Frühstückseier,,,,,,,,,,早餐蛋,,,,,,,,,,物品,早餐的蛋,multiplayer_batch
Jägermeister,,,,,,,,,,狩猎官,,,,,,,,,,官职,总狩猎官,multiplayer_batch
Schaltern,,,,,,,,,,开关,,,,,,,,,,物品,开关（机关）,multiplayer_batch
Startvorteil,,,,,,,,,,起步优势,,,,,,,,,,抽象,起步优势,multiplayer_batch
Wolfswald,,,,,,,,,,狼林,,,,,,,,,,地名,狼林,multiplayer_batch
Mechanismen,,,,,,,,,,机关,,,,,,,,,,物品,古老机关,multiplayer_batch
Regen,,,,,,,,,,雨,,,,,,,,,,自然,雨／雨之符,multiplayer_batch
Heiligen,,,,,,,,,,圣物,,,,,,,,,,物品,不朽圣物,multiplayer_batch
Unsterblichen,,,,,,,,,,不朽,,,,,,,,,,抽象,不朽（圣物）,multiplayer_batch
Briefe,,,,,,,,,,书信,,,,,,,,,,物品,书信（道具）,multiplayer_batch
Vieh,,,,,,,,,,牲畜,,,,,,,,,,动物,牲畜,multiplayer_batch
Schafe,,,,,,,,,,羊,,,,,,,,,,动物,羊,multiplayer_batch
Kühe,,,,,,,,,,牛,,,,,,,,,,动物,牛,multiplayer_batch
Flaggen,,,,,,,,,,旗帜,,,,,,,,,,专有名词,旗帜,multiplayer_batch
Burgen,,,,,,,,,,城堡,,,,,,,,,,建筑,城堡,multiplayer_batch
Dunkle,,,,,,,,,,黑暗,,,,,,,,,,抽象,黑暗（黑暗城堡）,multiplayer_batch
Brücken,,,,,,,,,,桥梁,,,,,,,,,,建筑,河上桥梁,multiplayer_batch
Jahreszeiten,,,,,,,,,,四季,,,,,,,,,,自然,四季,multiplayer_batch
Klima,,,,,,,,,,气候,,,,,,,,,,自然,气候,multiplayer_batch
Kolonisation,,,,,,,,,,殖民,,,,,,,,,,专有名词,殖民开拓,multiplayer_batch
Vulkan,,,,,,,,,,火山,,,,,,,,,,自然,火山,multiplayer_batch
Tal,,,,,,,,,,山谷,,,,,,,,,,地名,山谷,multiplayer_batch
Birken,,,,,,,,,,白桦,,,,,,,,,,植物,白桦,multiplayer_batch
Nordland,,,,,,,,,,北方,,,,,,,,,,地名,北方／北境,multiplayer_batch
Coop,,,,,,,,,,合作,,,,,,,,,,专有名词,合作模式,multiplayer_batch
Nocoop,,,,,,,,,,不合作,,,,,,,,,,专有名词,不合作模式,multiplayer_batch
Lavaland,,,,,,,,,,熔岩之地,,,,,,,,,,专有名词,熔岩之地（地图名）,multiplayer_batch
Höhlenzauber,,,,,,,,,,洞穴魔法,,,,,,,,,,专有名词,洞穴魔法（地图名）,multiplayer_batch
Trophäenjagd,,,,,,,,,,战利品狩猎,,,,,,,,,,专有名词,战利品狩猎（地图名）,multiplayer_batch
Drachenland,,,,,,,,,,龙之地,,,,,,,,,,专有名词,龙之地（地图名）,multiplayer_batch
Wintereinbruch,,,,,,,,,,冬季降临,,,,,,,,,,专有名词,冬季降临（地图名）,multiplayer_batch
Eisiger,,,,,,,,,,冰封,,,,,,,,,,形容词,冰封（冰封春日）,multiplayer_batch
Schneetreiben,,,,,,,,,,风雪,,,,,,,,,,自然,风雪（地图名）,multiplayer_batch
Kolonisierung,,,,,,,,,,殖民化,,,,,,,,,,专有名词,殖民化（地图名）,multiplayer_batch
Dunkle Burg,,,,,,,,,,黑暗城堡,,,,,,,,,,专有名词,黑暗城堡（地图名）,multiplayer_batch
Brücken am Fluss,,,,,,,,,,河上桥梁,,,,,,,,,,专有名词,河上桥梁（地图名）,multiplayer_batch
Vier Jahreszeiten,,,,,,,,,,四季,,,,,,,,,,专有名词,四季（地图名）,multiplayer_batch
Intimes Treiben,,,,,,,,,,局促之地,,,,,,,,,,专有名词,局促之地（地图名）,multiplayer_batch
Insel der Träume,,,,,,,,,,梦幻岛,,,,,,,,,,专有名词,梦幻岛（地图名）,multiplayer_batch
Ressourcen ohne Ende,,,,,,,,,,无尽资源,,,,,,,,,,专有名词,无尽资源（地图名）,multiplayer_batch
Weites Land,,,,,,,,,,辽阔大地,,,,,,,,,,专有名词,辽阔大地（地图名）,multiplayer_batch
Inselherrschaft,,,,,,,,,,岛屿霸权,,,,,,,,,,专有名词,岛屿霸权（地图名）,multiplayer_batch
Wüstenvolk,,,,,,,,,,沙漠部族,,,,,,,,,,地名,沙漠中的原住部族,singleplayer_03_05
Expedition,,,,,,,,,,远征队,,,,,,,,,,专有名词,北上探险的维京队伍,singleplayer_03_04
Angreifer,,,,,,,,,,攻击者,,,,,,,,,,军事,敌方攻击单位,singleplayer_03_04
Piratencamp,,,,,,,,,,海盗营地,,,,,,,,,,地名,海盗王国中心营地,singleplayer_03_04
Intihuatana,,,,,,,,,,印蒂瓦塔纳,,,,,,,,,,地名,太阳被系缚之处的沙漠之城,singleplayer_03_05
Intih.,,,,,,,,,,印蒂,,,,,,,,,,专有名词,Intihuatana 简称,singleplayer_03_05
Ofeig,,,,,,,,,,奥费格,,,,,,,,,,人名,维京人（剧情名）,singleplayer_03_04
Steinthor,,,,,,,,,,斯泰因索尔,,,,,,,,,,人名,维京人（剧情名）,singleplayer_03_04
Bodvar,,,,,,,,,,博德瓦尔,,,,,,,,,,人名,维京人（剧情名）,singleplayer_03_04
Ingolf,,,,,,,,,,英戈尔夫,,,,,,,,,,人名,维京人（剧情名）,singleplayer_03_04
Sumarlidi,,,,,,,,,,苏马尔利迪,,,,,,,,,,人名,维京人（剧情名）,singleplayer_03_04
Thorbrand,,,,,,,,,,索尔布兰德,,,,,,,,,,人名,维京人（剧情名）,singleplayer_03_04
Botolf,,,,,,,,,,博托尔夫,,,,,,,,,,人名,维京人（剧情名）,singleplayer_03_04
Erdrachen,,,,,,,,,,地龙,,,,,,,,,,专有名词,campaign_04 地龙种族,campaign_04_04
Wachdrachen,,,,,,,,,,守卫龙,,,,,,,,,,专有名词,campaign_04 守卫龙,campaign_04_01_sub1
Grauholm,Grauholm,,,,,,,,,格劳霍尔姆,,,,,,,,,,人名,campaign_04 剧情人物,campaign_04_01_sub3
Wamugo,Wamugo,,,,,,,,,瓦穆戈,,,,,,,,,,人名,campaign_04 教授,campaign_04_03
Kräutersammler,,,,,,,,,,采药人,,,,,,,,,,专有名词,campaign_04 采药人哨站,campaign_04_03
London,,,,,,,,,,伦敦,,,,,,,,,,地名,英格兰城市,campaign_01_03
Nottingham,,,,,,,,,,诺丁汉,,,,,,,,,,地名,英格兰城市,campaign_01_03
Bristol,,,,,,,,,,布里斯托,,,,,,,,,,地名,英格兰城市,campaign_01_03
York,,,,,,,,,,约克,,,,,,,,,,地名,英格兰城市,campaign_01_03
Thule,,,,,,,,,,图勒,,,,,,,,,,地名,图勒王国,campaign_01_03
Notti.,,,,,,,,,,诺蒂,,,,,,,,,,人名,图勒人物,campaign_01_03
Alexandria,,,,,,,,,,亚历山大港,,,,,,,,,,地名,埃及港口城市,campaign_01_08
Bagdad,,,,,,,,,,巴格达,,,,,,,,,,地名,伊拉克首都,campaign_01_10
WIGRID WALL,,,,,,,,,,维格里德城墙,,,,,,,,,,地名,米德加德之蛇领地,campaign_01_11
BAGDAD - Sub,,,,,,,,,,巴格达 - 支线,,,,,,,,,,地名,巴格达支线标识,campaign_01_10-sub
Hatschis Nachbarn,,,,,,,,,,哈奇的邻居,,,,,,,,,,地名,哈奇的邻居,campaign_02_02
Nachbarn,,,,,,,,,,邻居,,,,,,,,,,通用,邻居,campaign_02_02
DIE PLAGE,,,,,,,,,,瘟疫,,,,,,,,,,事件,蛇患/瘟疫,campaign_02_01
DIE GROSSE HUNGERSNOT,,,,,,,,,,大饥荒,,,,,,,,,,事件,阿拉伯大饥荒,campaign_02_02
DREI WÜNSCHE - Die Große Hungersnot - Sub,,,,,,,,,,三个愿望 - 大饥荒 - 支线,,,,,,,,,,事件,支线标题,campaign_02_02-sub
Städtchen,,,,,,,,,,小镇,,,,,,,,,,地名,小城镇,campaign_02_03
ALTE FREUNDE,,,,,,,,,,故友,,,,,,,,,,事件,故友重逢,campaign_02_03
Schmied Johannes,,,,,,,,,,铁匠约翰内斯,,,,,,,,,,人名,铁匠,campaign_02_04
Fenris,,,,,,,,,,芬里尔,,,,,,,,,,人名,北欧神话巨狼,campaign_02_04
Wikingerdorf,,,,,,,,,,维京人村庄,,,,,,,,,,地名,维京人村庄,campaign_02_06
Walhalla,,,,,,,,,,瓦尔哈拉,,,,,,,,,,地名,英灵殿,campaign_02_06
Weltenesche Yggdrasil,,,,,,,,,,世界树尤克特拉希尔,,,,,,,,,,地名,世界树,campaign_02_06
DIE KETTE DES FENRIS,,,,,,,,,,芬里尔之链,,,,,,,,,,事件,芬里尔之链,campaign_02_04
SCHWERTER DER KÖNIGE - Die Kette des Fenris - Sub1,,,,,,,,,,王者之剑 - 芬里尔之链 - 支线1,,,,,,,,,,事件,支线标题,campaign_02_04-sub1
INSEL DER SCHWEIGSAMEN - Die Kette des Fenris - Sub2,,,,,,,,,,沉默者之岛 - 芬里尔之链 - 支线2,,,,,,,,,,事件,支线标题,campaign_02_04-sub2
FENRIS HORDEN,,,,,,,,,,芬里尔部落,,,,,,,,,,地名,芬里尔部落,campaign_02_05
Mönche,,,,,,,,,,修士,,,,,,,,,,人名,修道院修士,campaign_02_04
Fährm.,,,,,,,,,,渡船,,,,,,,,,,通用,渡船夫简称,campaign_02_04
Brücke Bifrost,,,,,,,,,,比弗罗斯特桥,,,,,,,,,,地名,彩虹桥,campaign_02_07
EISWELT,,,,,,,,,,冰之世界,,,,,,,,,,地名,冰之世界,campaign_02_07-sub
Odín,,,,,,,,,,奥丁,,,,,,,,,,人名,北欧主神,campaign_02_08
Architekten,,,,,,,,,,建筑师,,,,,,,,,,人名,建筑师,campaign_03_01
Babylon,,,,,,,,,,巴比伦,,,,,,,,,,地名,巴比伦,campaign_03_02
Bauarbeiternomaden,,,,,,,,,,游牧工兵,,,,,,,,,,人名,游牧工兵,campaign_03_02
Hirten,,,,,,,,,,牧人,,,,,,,,,,通用,牧人,campaign_03_02
Frauen,,,,,,,,,,妇女,,,,,,,,,,通用,妇女,campaign_03_02_sub
DER LEUCHTTURM VON PHAROS,,,,,,,,,,法罗斯灯塔,,,,,,,,,,事件,世界奇观,campaign_03_01
DIE HÄNGENDEN GÄRTEN VON SEMIRAMIS,,,,,,,,,,塞米拉米斯空中花园,,,,,,,,,,事件,世界奇观,campaign_03_02
UNTERIRDISCHE HALLEN,,,,,,,,,,地下厅堂,,,,,,,,,,地名,地下厅堂,campaign_03_02_sub
Pharaonenkrieger,,,,,,,,,,法老战士,,,,,,,,,,人名,法老战士,campaign_03_07
Stadtteil 1,,,,,,,,,,城区 1,,,,,,,,,,地名,城区,campaign_03_08
Stadtteil 2,,,,,,,,,,城区 2,,,,,,,,,,地名,城区,campaign_03_08
Stadtteil 3,,,,,,,,,,城区 3,,,,,,,,,,地名,城区,campaign_03_08
DER TEMPEL DER ARTEMIS,,,,,,,,,,阿尔忒弥斯神庙,,,,,,,,,,事件,世界奇观,campaign_03_05
HEROSTRATES ERBEN,,,,,,,,,,赫罗斯特拉特斯继承者,,,,,,,,,,人名,纵火者继承者,campaign_03_05
DIE VERLORENEN SÜMPFE,,,,,,,,,,迷失沼泽,,,,,,,,,,地名,迷失沼泽,campaign_03_05_sub2
DIE PYRAMIDEN VON GIZEH,,,,,,,,,,吉萨金字塔,,,,,,,,,,事件,世界奇观,campaign_03_07
DAS ACHTE WELTWUNDER,,,,,,,,,,第八大奇迹,,,,,,,,,,事件,世界奇观,campaign_03_08
Kolosses von Rhodos,,,,,,,,,,罗德岛巨像,,,,,,,,,,事件,世界奇观,campaign_03_08
Grabstätte des Mausolos,,,,,,,,,,摩索拉斯王陵,,,,,,,,,,事件,世界奇观,campaign_03_08
Zeusstatue in Olympia,,,,,,,,,,奥林匹亚宙斯巨像,,,,,,,,,,事件,世界奇观,campaign_03_08
Spieler,,,,,,,,,,玩家,,,,,,,,,,通用,玩家,campaign_03_03_sub
Wächter,,,,,,,,,,守卫,,,,,,,,,,通用,守卫,campaign_03_03_sub3
Der Läufer von Elis,,,,,,,,,,伊利斯的长跑者,,,,,,,,,,人名,长跑者,campaign_03_06_sub1
KOLOSS-GEHEIMGANG,,,,,,,,,,巨像密道,,,,,,,,,,地名,巨像密道,campaign_03_03_sub
KOLOSS-ORAKEL,,,,,,,,,,巨像神谕,,,,,,,,,,地名,巨像神谕,campaign_03_03_sub3
DER WETTSTREIT,,,,,,,,,,竞技之争,,,,,,,,,,事件,竞技之争,campaign_03_06_sub1
DAS FLAMMENMEER,,,,,,,,,,火海,,,,,,,,,,地名,火海,campaign_03_06_sub2
Erdrachen,,,,,,,,,,土龙,,,,,,,,,,术语,campaign_04 龙种（土龙）,campaign_04;tutorial;demo
Wasserdachen,,,,,,,,,,水龙,,,,,,,,,,术语,campaign_04 龙种 sid13 旧拼法,campaign_04;tutorial;demo
Hirt.,,,,,,,,,,牧.,,,,,,,,,,术语,campaign_04 牧人缩写,campaign_04;tutorial;demo
Napal.,,,,,,,,,,纳.,,,,,,,,,,术语,campaign_04 纳帕利亚缩写,campaign_04;tutorial;demo
SPRUDEL,,,,,,,,,,涌泉,,,,,,,,,,术语,campaign_04 地形,campaign_04;tutorial;demo
NIXE,,,,,,,,,,水妖,,,,,,,,,,术语,campaign_04 地形,campaign_04;tutorial;demo
WELLE,,,,,,,,,,波涛,,,,,,,,,,术语,campaign_04 地形,campaign_04;tutorial;demo
Montseraine,,,,,,,,,,蒙瑟雷,,,,,,,,,,术语,demo_singleplayer_02 地名,campaign_04;tutorial;demo
Bergräuber,,,,,,,,,,山贼,,,,,,,,,,术语,demo_singleplayer_02 敌人,campaign_04;tutorial;demo
Kultstätte,,,,,,,,,,圣地,,,,,,,,,,术语,demo_singleplayer_02 祭祀场,campaign_04;tutorial;demo
Dämon,,,,,,,,,,恶魔,,,,,,,,,,术语,demo_singleplayer_02 敌人,campaign_04;tutorial;demo
Ausrüstungsgegenstände,,,,,,,,,,装备物资,,,,,,,,,,术语,tutorial_006 通用词,campaign_04;tutorial;demo
Unterhändler,,,,,,,,,,调停人,,,,,,,,,,术语,demo_singleplayer_02 角色,campaign_04;tutorial;demo
Bote,,,,,,,,,,信使,,,,,,,,,,术语,demo_singleplayer_02 角色,campaign_04;tutorial;demo
Gesinnung,,,,,,,,,,立场,,,,,,,,,,术语,demo_singleplayer_02 外交词,campaign_04;tutorial;demo
Ehepaar,,,,,,,,,,夫妇,,,,,,,,,,术语,tutorial_002 通用词,campaign_04;tutorial;demo
Holzsperrträger,,,,,,,,,,木栅兵,,,,,,,,,,术语,tutorial_006 兵种,campaign_04;tutorial;demo
Wachturm,,,,,,,,,,哨塔,,,,,,,,,,术语,tutorial_006 建筑,campaign_04;tutorial;demo
Eskimos,,,,,,,,,,爱斯基摩人,,,,,,,,,,术语,圣诞特辑 种族,tutorial;demo
Näherei,,,,,,,,,,裁缝坊,,,,,,,,,,术语,tutorial 建筑,tutorial;demo
TÖPFEREI,,,,,,,,,,陶艺坊,,,,,,,,,,术语,tutorial_004 建筑(全大写强调),tutorial;demo
TÖPFERS,,,,,,,,,,陶工,,,,,,,,,,术语,tutorial_004 职业(全大写强调),tutorial;demo
Steinmetzes,,,,,,,,,,石匠,,,,,,,,,,术语,tutorial_004 职业,tutorial;demo
Schreiners,,,,,,,,,,木工,,,,,,,,,,术语,tutorial_004 职业,tutorial;demo
Schmiedes,,,,,,,,,,铁匠,,,,,,,,,,术语,tutorial_004 职业,tutorial;demo
Nähers,,,,,,,,,,裁缝,,,,,,,,,,术语,tutorial_004 职业,tutorial;demo
Viehzüchters,,,,,,,,,,畜牧者,,,,,,,,,,术语,tutorial_004 职业,tutorial;demo
Möbel,,,,,,,,,,家具,,,,,,,,,,术语,通用 物资,tutorial;demo
Lederrüstungen,,,,,,,,,,皮甲,,,,,,,,,,术语,通用 装备,tutorial;demo
Technologien,,,,,,,,,,科技,,,,,,,,,,术语,tutorial_004 标题,tutorial;demo
Pharos,,,,,,,,,,法罗斯,,,,,,,,,,术语,demo_mainmenu_10 地名(岛/灯塔),tutorial;demo
Marmorblöcke,,,,,,,,,,大理石块,,,,,,,,,,术语,demo_mainmenu_10 物资,tutorial;demo
Heiltränke,,,,,,,,,,治疗药剂,,,,,,,,,,术语,通用 道具,tutorial;demo
Verteidigungsamulette,,,,,,,,,,防御护符,,,,,,,,,,术语,demo_mainmenu_10 道具,tutorial;demo
Wikingern,,,,,,,,,,维京人,,,,,,,,,,术语,demo_mainmenu_10 部族(与格),tutorial;demo
Langschwerter,,,,,,,,,,长剑,,,,,,,,,,术语,demo_mainmenu_10 兵器,tutorial;demo
Vagabundenlager,,,,,,,,,,流浪者营地,,,,,,,,,,术语,demo_mainmenu_10 地点,tutorial;demo
